Date,Open,High,Low,Close,Volume
2020-08-13,1.1399999856948853,1.1399999856948853,1.1399999856948853,1.1399999856948853,0
2020-08-14,1.149999976158142,1.149999976158142,1.149999976158142,1.149999976158142,1100
2020-08-17,1.149999976158142,1.149999976158142,1.149999976158142,1.149999976158142,0
2020-08-18,1.0800000429153442,1.149999976158142,1.0800000429153442,1.149999976158142,18500
2020-08-19,1.149999976158142,1.149999976158142,1.149999976158142,1.149999976158142,0
2020-08-21,1.149999976158142,1.149999976158142,1.149999976158142,1.149999976158142,0
2020-08-24,1.149999976158142,1.149999976158142,1.149999976158142,1.149999976158142,0
2020-08-25,1.149999976158142,1.149999976158142,1.149999976158142,1.149999976158142,0
2020-08-26,1.0800000429153442,1.0800000429153442,1.0800000429153442,1.0800000429153442,26100
2020-08-27,1.1399999856948853,1.1399999856948853,1.0800000429153442,1.1399999856948853,13000
2020-08-28,1.1399999856948853,1.1399999856948853,1.1399999856948853,1.1399999856948853,0
2020-09-01,1.1399999856948853,1.149999976158142,1.1399999856948853,1.149999976158142,6000
2020-09-02,1.149999976158142,1.149999976158142,1.149999976158142,1.149999976158142,0
2020-09-03,1.149999976158142,1.149999976158142,1.149999976158142,1.149999976158142,0
2020-09-04,1.149999976158142,1.149999976158142,1.149999976158142,1.149999976158142,0
2020-09-07,1.149999976158142,1.149999976158142,1.149999976158142,1.149999976158142,0
2020-09-08,1.0800000429153442,1.1299999952316284,1.0800000429153442,1.0800000429153442,13000
2020-09-09,1.100000023841858,1.1299999952316284,1.100000023841858,1.1299999952316284,5000
2020-09-10,1.1299999952316284,1.1299999952316284,1.1299999952316284,1.1299999952316284,0
2020-09-11,1.1299999952316284,1.1299999952316284,1.1299999952316284,1.1299999952316284,0
2020-09-14,1.1299999952316284,1.1299999952316284,1.1299999952316284,1.1299999952316284,0
2020-09-15,1.1299999952316284,1.1299999952316284,1.1299999952316284,1.1299999952316284,0
2020-09-17,1.1299999952316284,1.1299999952316284,1.1299999952316284,1.1299999952316284,0
2020-09-18,1.1299999952316284,1.1299999952316284,1.1299999952316284,1.1299999952316284,0
2020-09-21,1.1299999952316284,1.1299999952316284,1.1299999952316284,1.1299999952316284,0
2020-09-22,1.1299999952316284,1.1299999952316284,1.1299999952316284,1.1299999952316284,0
2020-09-23,1.1299999952316284,1.1299999952316284,1.1299999952316284,1.1299999952316284,0
2020-09-24,1.1299999952316284,1.1299999952316284,1.1299999952316284,1.1299999952316284,0
2020-09-25,1.1299999952316284,1.1299999952316284,1.1299999952316284,1.1299999952316284,0
2020-09-28,1.1299999952316284,1.1299999952316284,1.1299999952316284,1.1299999952316284,0
2020-09-29,1.059999942779541,1.1299999952316284,1.059999942779541,1.1299999952316284,2000
2020-09-30,1.059999942779541,1.1200000047683716,1.059999942779541,1.1200000047683716,5100
2020-10-01,1.0399999618530273,1.1200000047683716,1.0399999618530273,1.1200000047683716,3000
2020-10-02,1.1200000047683716,1.1200000047683716,1.1200000047683716,1.1200000047683716,0
2020-10-05,1.1200000047683716,1.1200000047683716,1.1200000047683716,1.1200000047683716,0
2020-10-06,1.1200000047683716,1.1200000047683716,1.1200000047683716,1.1200000047683716,0
2020-10-07,1.0399999618530273,1.0399999618530273,1.0399999618530273,1.0399999618530273,4800
2020-10-08,1.0399999618530273,1.0399999618530273,1.0399999618530273,1.0399999618530273,0
2020-10-09,1.0399999618530273,1.0399999618530273,1.0399999618530273,1.0399999618530273,0
2020-10-12,1.0399999618530273,1.0399999618530273,1.0399999618530273,1.0399999618530273,0
2020-10-13,1.0399999618530273,1.0399999618530273,1.0399999618530273,1.0399999618530273,0
2020-10-14,1.0399999618530273,1.0399999618530273,1.0399999618530273,1.0399999618530273,0
2020-10-15,1.100000023841858,1.1299999952316284,1.100000023841858,1.1299999952316284,13000
2020-10-16,1.1299999952316284,1.1299999952316284,1.1299999952316284,1.1299999952316284,0
2020-10-19,1.1299999952316284,1.1299999952316284,1.1299999952316284,1.1299999952316284,0
2020-10-20,1.1299999952316284,1.1299999952316284,1.1299999952316284,1.1299999952316284,0
2020-10-21,1.1299999952316284,1.1299999952316284,1.1299999952316284,1.1299999952316284,0
2020-10-22,1.1299999952316284,1.1299999952316284,1.1299999952316284,1.1299999952316284,0
2020-10-23,1.1299999952316284,1.1299999952316284,1.1299999952316284,1.1299999952316284,0
2020-10-26,1.1299999952316284,1.1299999952316284,1.1299999952316284,1.1299999952316284,0
2020-10-27,1.1299999952316284,1.1299999952316284,1.1299999952316284,1.1299999952316284,0
2020-10-28,1.1299999952316284,1.1299999952316284,1.1299999952316284,1.1299999952316284,0
2020-10-30,1.1299999952316284,1.1299999952316284,1.1299999952316284,1.1299999952316284,0
2020-11-02,1.1299999952316284,1.1299999952316284,1.1299999952316284,1.1299999952316284,0
2020-11-03,1.0399999618530273,1.090000033378601,1.0399999618530273,1.090000033378601,39400
2020-11-04,1.100000023841858,1.1100000143051147,1.100000023841858,1.1100000143051147,3000
2020-11-05,1.1100000143051147,1.1100000143051147,1.1100000143051147,1.1100000143051147,0
2020-11-06,1.1100000143051147,1.1100000143051147,1.1100000143051147,1.1100000143051147,0
2020-11-09,1.1100000143051147,1.1100000143051147,1.1100000143051147,1.1100000143051147,0
2020-11-10,1.1100000143051147,1.1100000143051147,1.1100000143051147,1.1100000143051147,0
2020-11-11,1.1100000143051147,1.1100000143051147,1.1100000143051147,1.1100000143051147,0
2020-11-12,1.1100000143051147,1.1100000143051147,1.1100000143051147,1.1100000143051147,0
2020-11-13,1.1100000143051147,1.1100000143051147,1.1100000143051147,1.1100000143051147,0
2020-11-16,1.1100000143051147,1.1299999952316284,1.1100000143051147,1.1299999952316284,12000
2020-11-17,1.1299999952316284,1.1299999952316284,1.1299999952316284,1.1299999952316284,0
2020-11-18,1.1299999952316284,1.1299999952316284,1.1299999952316284,1.1299999952316284,0
2020-11-19,1.0499999523162842,1.1299999952316284,1.0199999809265137,1.1299999952316284,35100
2020-11-20,1.0499999523162842,1.0800000429153442,1.0499999523162842,1.0800000429153442,18000
2020-11-23,1.0800000429153442,1.0800000429153442,1.0800000429153442,1.0800000429153442,0
2020-11-24,1.0299999713897705,1.0700000524520874,1.0299999713897705,1.0700000524520874,3000
2020-11-25,1.090000033378601,1.100000023841858,1.090000033378601,1.100000023841858,2000
2020-11-26,1.100000023841858,1.100000023841858,1.100000023841858,1.100000023841858,0
2020-11-27,1.0299999713897705,1.0800000429153442,1.0299999713897705,1.0800000429153442,2000
2020-11-30,1.0800000429153442,1.0800000429153442,1.0800000429153442,1.0800000429153442,0
2020-12-01,1.0800000429153442,1.0800000429153442,1.0800000429153442,1.0800000429153442,0
2020-12-02,1.0800000429153442,1.0800000429153442,1.0800000429153442,1.0800000429153442,0
2020-12-03,1.090000033378601,1.1299999952316284,1.090000033378601,1.1299999952316284,6000
2020-12-04,1.0800000429153442,1.100000023841858,1.0800000429153442,1.100000023841858,9300
2020-12-07,1.100000023841858,1.1200000047683716,1.0299999713897705,1.0299999713897705,4000
2020-12-08,1.0800000429153442,1.0800000429153442,1.0800000429153442,1.0800000429153442,3000
2020-12-09,1.1200000047683716,1.1299999952316284,1.1200000047683716,1.1299999952316284,20000
2020-12-10,1.1299999952316284,1.1299999952316284,1.1299999952316284,1.1299999952316284,0
2020-12-11,1.0399999618530273,1.0499999523162842,1.0399999618530273,1.0499999523162842,8200
2020-12-14,1.1200000047683716,1.1399999856948853,1.1200000047683716,1.1399999856948853,5000
2020-12-15,1.059999942779541,1.059999942779541,1.0499999523162842,1.0499999523162842,2500
2020-12-16,1.090000033378601,1.100000023841858,1.090000033378601,1.100000023841858,2500
2020-12-17,1.100000023841858,1.100000023841858,1.100000023841858,1.100000023841858,0
2020-12-18,1.100000023841858,1.100000023841858,1.100000023841858,1.100000023841858,0
2020-12-21,1.100000023841858,1.100000023841858,1.100000023841858,1.100000023841858,0
2020-12-22,1.100000023841858,1.100000023841858,1.100000023841858,1.100000023841858,0
2020-12-23,1.100000023841858,1.100000023841858,1.100000023841858,1.100000023841858,0
2020-12-24,1.100000023841858,1.100000023841858,1.100000023841858,1.100000023841858,0
2020-12-28,1.100000023841858,1.100000023841858,1.100000023841858,1.100000023841858,0
2020-12-29,1.100000023841858,1.100000023841858,1.100000023841858,1.100000023841858,0
2020-12-30,1.100000023841858,1.100000023841858,1.100000023841858,1.100000023841858,0
2020-12-31,1.0499999523162842,1.100000023841858,1.0499999523162842,1.100000023841858,6200
2021-01-04,1.100000023841858,1.100000023841858,1.100000023841858,1.100000023841858,0
2021-01-05,1.100000023841858,1.100000023841858,1.100000023841858,1.100000023841858,0
2021-01-06,1.100000023841858,1.100000023841858,1.100000023841858,1.100000023841858,0
2021-01-07,1.090000033378601,1.090000033378601,1.090000033378601,1.090000033378601,10800
2021-01-08,1.090000033378601,1.090000033378601,1.090000033378601,1.090000033378601,0
2021-01-11,1.090000033378601,1.090000033378601,1.090000033378601,1.090000033378601,0
2021-01-12,1.0299999713897705,1.090000033378601,1.0299999713897705,1.090000033378601,400
2021-01-13,1.090000033378601,1.090000033378601,1.090000033378601,1.090000033378601,0
2021-01-14,1.0299999713897705,1.090000033378601,1.0199999809265137,1.090000033378601,8000
2021-01-15,1.0800000429153442,1.1299999952316284,1.0499999523162842,1.1299999952316284,17000
2021-01-18,1.100000023841858,1.100000023841858,1.100000023841858,1.100000023841858,2000
2021-01-19,1.2999999523162842,1.2999999523162842,1.0499999523162842,1.149999976158142,16700
2021-01-20,1.149999976158142,1.149999976158142,1.149999976158142,1.149999976158142,0
2021-01-21,1.149999976158142,1.149999976158142,1.149999976158142,1.149999976158142,0
2021-01-22,1.059999942779541,1.059999942779541,1.059999942779541,1.059999942779541,2000
2021-01-25,1.059999942779541,1.059999942779541,1.059999942779541,1.059999942779541,0
2021-01-26,1.059999942779541,1.059999942779541,1.059999942779541,1.059999942779541,0
2021-01-27,1.059999942779541,1.059999942779541,1.059999942779541,1.059999942779541,0
2021-01-29,1.059999942779541,1.059999942779541,1.059999942779541,1.059999942779541,0
2021-02-02,1.100000023841858,1.100000023841858,1.100000023841858,1.100000023841858,5000
2021-02-03,1.100000023841858,1.100000023841858,1.100000023841858,1.100000023841858,0
2021-02-04,1.0800000429153442,1.1399999856948853,1.0800000429153442,1.1399999856948853,12200
2021-02-05,1.1399999856948853,1.1399999856948853,1.1399999856948853,1.1399999856948853,0
2021-02-08,1.1399999856948853,1.1399999856948853,1.1399999856948853,1.1399999856948853,0
2021-02-09,1.059999942779541,1.100000023841858,1.0499999523162842,1.100000023841858,23600
2021-02-10,1.100000023841858,1.1299999952316284,1.100000023841858,1.1299999952316284,13500
2021-02-11,1.1299999952316284,1.1299999952316284,1.1299999952316284,1.1299999952316284,0
2021-02-15,1.1299999952316284,1.1299999952316284,1.1299999952316284,1.1299999952316284,0
2021-02-16,1.1299999952316284,1.1299999952316284,1.1299999952316284,1.1299999952316284,0
2021-02-17,1.059999942779541,1.059999942779541,1.059999942779541,1.059999942779541,5000
2021-02-18,1.1200000047683716,1.1200000047683716,1.1200000047683716,1.1200000047683716,1000
2021-02-19,1.1200000047683716,1.1299999952316284,1.1200000047683716,1.1200000047683716,55000
2021-02-22,1.0499999523162842,1.1299999952316284,1.0499999523162842,1.1299999952316284,6000
2021-02-23,1.1299999952316284,1.1399999856948853,1.100000023841858,1.1200000047683716,24700
2021-02-24,1.159999966621399,1.159999966621399,1.159999966621399,1.159999966621399,1000
2021-02-25,1.149999976158142,1.1799999475479126,1.149999976158142,1.1799999475479126,11200
2021-02-26,1.1799999475479126,1.1799999475479126,1.1799999475479126,1.1799999475479126,0
2021-03-01,1.1799999475479126,1.1799999475479126,1.1799999475479126,1.1799999475479126,0
2021-03-02,1.1799999475479126,1.1799999475479126,1.1799999475479126,1.1799999475479126,0
2021-03-03,1.1799999475479126,1.1799999475479126,1.1799999475479126,1.1799999475479126,0
2021-03-04,1.1799999475479126,1.1799999475479126,1.1799999475479126,1.1799999475479126,0
2021-03-05,1.1799999475479126,1.1799999475479126,1.1799999475479126,1.1799999475479126,0
2021-03-08,1.2000000476837158,1.25,1.2000000476837158,1.25,4000
2021-03-09,1.149999976158142,1.149999976158142,1.0800000429153442,1.1399999856948853,34000
2021-03-10,1.1399999856948853,1.1799999475479126,1.1399999856948853,1.1799999475479126,6000
2021-03-11,1.090000033378601,1.1399999856948853,1.090000033378601,1.1399999856948853,55800
2021-03-12,1.090000033378601,1.090000033378601,1.090000033378601,1.090000033378601,14100
2021-03-15,1.090000033378601,1.1100000143051147,1.090000033378601,1.1100000143051147,7000
2021-03-16,1.0499999523162842,1.1200000047683716,1.0499999523162842,1.1200000047683716,35600
2021-03-17,1.1200000047683716,1.1200000047683716,1.1200000047683716,1.1200000047683716,0
2021-03-18,1.149999976158142,1.1699999570846558,1.149999976158142,1.1699999570846558,5000
2021-03-19,1.100000023841858,1.100000023841858,1.0800000429153442,1.100000023841858,48000
2021-03-22,1.100000023841858,1.100000023841858,1.100000023841858,1.100000023841858,0
2021-03-23,1.059999942779541,1.1100000143051147,1.059999942779541,1.1100000143051147,7000
2021-03-24,1.1200000047683716,1.1399999856948853,1.1200000047683716,1.1399999856948853,5000
2021-03-25,1.0499999523162842,1.1100000143051147,1.0499999523162842,1.1100000143051147,29500
2021-03-26,1.0399999618530273,1.1200000047683716,1.0399999618530273,1.1200000047683716,19300
2021-03-29,1.1399999856948853,1.1399999856948853,1.0800000429153442,1.1200000047683716,18800
2021-03-30,1.1200000047683716,1.1200000047683716,1.1200000047683716,1.1200000047683716,0
2021-03-31,1.0700000524520874,1.149999976158142,1.059999942779541,1.1100000143051147,16700
2021-04-01,1.1100000143051147,1.149999976158142,1.1100000143051147,1.149999976158142,2600
2021-04-02,1.149999976158142,1.149999976158142,1.149999976158142,1.149999976158142,0
2021-04-05,1.149999976158142,1.149999976158142,1.149999976158142,1.149999976158142,0
2021-04-06,1.149999976158142,1.149999976158142,1.149999976158142,1.149999976158142,0
2021-04-07,1.149999976158142,1.149999976158142,1.149999976158142,1.149999976158142,0
2021-04-08,1.1399999856948853,1.159999966621399,1.1399999856948853,1.159999966621399,2500
2021-04-09,1.159999966621399,1.159999966621399,1.159999966621399,1.159999966621399,0
2021-04-12,1.159999966621399,1.159999966621399,1.159999966621399,1.159999966621399,0
2021-04-13,1.0800000429153442,1.149999976158142,1.0800000429153442,1.149999976158142,4200
2021-04-14,1.1699999570846558,1.1699999570846558,1.1699999570846558,1.1699999570846558,4000
2021-04-15,1.1200000047683716,1.1200000047683716,1.1200000047683716,1.1200000047683716,5000
2021-04-16,1.1200000047683716,1.1200000047683716,1.1200000047683716,1.1200000047683716,0
2021-04-19,1.1200000047683716,1.1200000047683716,1.1200000047683716,1.1200000047683716,0
2021-04-20,1.1200000047683716,1.1200000047683716,1.1200000047683716,1.1200000047683716,0
2021-04-21,1.1200000047683716,1.1200000047683716,1.1200000047683716,1.1200000047683716,0
2021-04-22,1.1200000047683716,1.1200000047683716,1.1200000047683716,1.1200000047683716,0
2021-04-23,1.1200000047683716,1.1200000047683716,1.1200000047683716,1.1200000047683716,0
2021-04-26,1.1200000047683716,1.1200000047683716,1.1200000047683716,1.1200000047683716,0
2021-04-27,1.1200000047683716,1.1200000047683716,1.1200000047683716,1.1200000047683716,0
2021-04-28,1.1100000143051147,1.1399999856948853,1.1100000143051147,1.1399999856948853,8000
2021-04-30,1.1399999856948853,1.1399999856948853,1.1399999856948853,1.1399999856948853,0
2021-05-03,1.1299999952316284,1.1399999856948853,1.1299999952316284,1.1399999856948853,4000
2021-05-04,1.1399999856948853,1.1399999856948853,1.090000033378601,1.1399999856948853,14000
2021-05-05,1.1399999856948853,1.1399999856948853,1.1399999856948853,1.1399999856948853,0
2021-05-06,1.1399999856948853,1.1399999856948853,1.1399999856948853,1.1399999856948853,0
2021-05-07,1.1399999856948853,1.1399999856948853,1.1399999856948853,1.1399999856948853,0
2021-05-10,1.1399999856948853,1.1399999856948853,1.1399999856948853,1.1399999856948853,0
2021-05-11,1.1399999856948853,1.1399999856948853,1.1399999856948853,1.1399999856948853,0
2021-05-12,1.1399999856948853,1.1399999856948853,1.1399999856948853,1.1399999856948853,0
2021-05-17,1.2000000476837158,1.2200000286102295,1.2000000476837158,1.2200000286102295,57400
2021-05-18,1.2200000286102295,1.2200000286102295,1.2200000286102295,1.2200000286102295,0
2021-05-19,1.2200000286102295,1.2200000286102295,1.2200000286102295,1.2200000286102295,0
2021-05-20,1.2200000286102295,1.2200000286102295,1.2200000286102295,1.2200000286102295,0
2021-05-21,1.2200000286102295,1.2200000286102295,1.2200000286102295,1.2200000286102295,0
2021-05-24,1.2200000286102295,1.2200000286102295,1.2200000286102295,1.2200000286102295,0
2021-05-25,1.2200000286102295,1.2200000286102295,1.2200000286102295,1.2200000286102295,0
2021-05-27,1.2200000286102295,1.2200000286102295,1.2200000286102295,1.2200000286102295,0
2021-05-28,1.1299999952316284,1.1299999952316284,1.1299999952316284,1.1299999952316284,3000
2021-05-31,1.2100000381469727,1.2100000381469727,1.2100000381469727,1.2100000381469727,6000
2021-06-01,1.2100000381469727,1.2100000381469727,1.2100000381469727,1.2100000381469727,0
2021-06-02,1.2100000381469727,1.2100000381469727,1.2100000381469727,1.2100000381469727,0
2021-06-03,1.2100000381469727,1.2100000381469727,1.2100000381469727,1.2100000381469727,100
2021-06-04,1.2100000381469727,1.2100000381469727,1.2100000381469727,1.2100000381469727,0
2021-06-08,1.2100000381469727,1.2100000381469727,1.2100000381469727,1.2100000381469727,0
2021-06-09,1.2100000381469727,1.2100000381469727,1.2100000381469727,1.2100000381469727,0
2021-06-10,1.2100000381469727,1.2100000381469727,1.2100000381469727,1.2100000381469727,0
2021-06-11,1.2100000381469727,1.2100000381469727,1.2100000381469727,1.2100000381469727,0
2021-06-14,1.100000023841858,1.1100000143051147,1.100000023841858,1.100000023841858,22000
2021-06-15,1.0800000429153442,1.090000033378601,1.0700000524520874,1.090000033378601,6000
2021-06-16,1.0800000429153442,1.100000023841858,1.0399999618530273,1.100000023841858,11000
2021-06-17,1.100000023841858,1.100000023841858,1.100000023841858,1.100000023841858,0
2021-06-18,1.100000023841858,1.100000023841858,1.100000023841858,1.100000023841858,0
2021-06-21,1.1100000143051147,1.1100000143051147,1.1100000143051147,1.1100000143051147,8000
2021-06-22,1.1100000143051147,1.1100000143051147,1.1100000143051147,1.1100000143051147,0
2021-06-23,1.1200000047683716,1.1200000047683716,1.1200000047683716,1.1200000047683716,2000
2021-06-24,1.1200000047683716,1.1200000047683716,1.1200000047683716,1.1200000047683716,0
2021-06-25,1.1200000047683716,1.1200000047683716,1.1200000047683716,1.1200000047683716,0
2021-06-28,1.1200000047683716,1.1200000047683716,1.1200000047683716,1.1200000047683716,0
2021-06-29,1.1200000047683716,1.1200000047683716,1.1200000047683716,1.1200000047683716,0
2021-06-30,1.1200000047683716,1.1200000047683716,1.1200000047683716,1.1200000047683716,0
2021-07-01,1.1200000047683716,1.1200000047683716,1.1200000047683716,1.1200000047683716,0
2021-07-02,1.1200000047683716,1.1200000047683716,1.1200000047683716,1.1200000047683716,0
2021-07-05,1.1200000047683716,1.1200000047683716,1.1200000047683716,1.1200000047683716,0
2021-07-06,1.0399999618530273,1.100000023841858,1.0199999809265137,1.100000023841858,8900
2021-07-07,1.1399999856948853,1.1399999856948853,1.1399999856948853,1.1399999856948853,1500
2021-07-08,1.149999976158142,1.149999976158142,1.0399999618530273,1.0399999618530273,10000
2021-07-09,1.100000023841858,1.100000023841858,1.0,1.0700000524520874,28400
2021-07-12,1.0700000524520874,1.0700000524520874,1.0700000524520874,1.0700000524520874,0
2021-07-13,1.0499999523162842,1.090000033378601,1.0499999523162842,1.090000033378601,3500
2021-07-14,1.090000033378601,1.090000033378601,1.090000033378601,1.090000033378601,0
2021-07-15,1.1200000047683716,1.1200000047683716,1.1200000047683716,1.1200000047683716,2000
2021-07-16,1.1200000047683716,1.1200000047683716,1.1200000047683716,1.1200000047683716,0
2021-07-19,1.1200000047683716,1.1399999856948853,1.1200000047683716,1.1399999856948853,4000
2021-07-21,1.1399999856948853,1.1399999856948853,1.1399999856948853,1.1399999856948853,0
2021-07-22,1.1399999856948853,1.1399999856948853,1.1399999856948853,1.1399999856948853,0
2021-07-23,1.1399999856948853,1.1399999856948853,1.1399999856948853,1.1399999856948853,0
2021-07-26,1.059999942779541,1.149999976158142,1.059999942779541,1.149999976158142,7300
2021-07-27,1.100000023841858,1.100000023841858,1.0700000524520874,1.0700000524520874,8700
2021-07-28,1.1100000143051147,1.1100000143051147,1.1100000143051147,1.1100000143051147,5000
2021-07-29,1.1399999856948853,1.1399999856948853,1.0299999713897705,1.0800000429153442,15000
2021-07-30,1.1100000143051147,1.1200000047683716,1.1100000143051147,1.1100000143051147,4000
2021-08-02,1.1399999856948853,1.1399999856948853,1.1399999856948853,1.1399999856948853,100
2021-08-03,1.0499999523162842,1.0800000429153442,1.0399999618530273,1.0800000429153442,9000
2021-08-04,1.1100000143051147,1.1100000143051147,1.1100000143051147,1.1100000143051147,1000
2021-08-05,1.0399999618530273,1.0399999618530273,1.0399999618530273,1.0399999618530273,900
2021-08-06,1.0700000524520874,1.1299999952316284,1.0700000524520874,1.100000023841858,12800
2021-08-09,1.1200000047683716,1.1200000047683716,1.1200000047683716,1.1200000047683716,9000
2021-08-11,1.0700000524520874,1.100000023841858,1.0700000524520874,1.100000023841858,4900
2021-08-12,1.1200000047683716,1.1200000047683716,1.1200000047683716,1.1200000047683716,2000
2021-08-13,1.1200000047683716,1.1200000047683716,1.1200000047683716,1.1200000047683716,0
2021-08-16,1.1299999952316284,1.1299999952316284,1.1299999952316284,1.1299999952316284,1000
2021-08-17,1.1299999952316284,1.1299999952316284,1.1299999952316284,1.1299999952316284,0
2021-08-18,1.1299999952316284,1.1299999952316284,1.1299999952316284,1.1299999952316284,0
2021-08-19,1.1299999952316284,1.1299999952316284,1.1299999952316284,1.1299999952316284,0
2021-08-20,1.1299999952316284,1.1299999952316284,1.1299999952316284,1.1299999952316284,0
2021-08-23,1.1299999952316284,1.1299999952316284,1.1299999952316284,1.1299999952316284,0
2021-08-24,1.1299999952316284,1.2000000476837158,1.1299999952316284,1.2000000476837158,3700
2021-08-25,1.2000000476837158,1.2000000476837158,1.2000000476837158,1.2000000476837158,0
2021-08-26,1.2000000476837158,1.2000000476837158,1.2000000476837158,1.2000000476837158,0
2021-08-27,1.2000000476837158,1.2000000476837158,1.2000000476837158,1.2000000476837158,0
2021-08-30,1.2000000476837158,1.2000000476837158,1.2000000476837158,1.2000000476837158,0
2021-09-01,1.2000000476837158,1.2000000476837158,1.2000000476837158,1.2000000476837158,0
2021-09-02,1.2000000476837158,1.2000000476837158,1.2000000476837158,1.2000000476837158,0
2021-09-03,1.2000000476837158,1.2000000476837158,1.2000000476837158,1.2000000476837158,0
2021-09-06,1.2000000476837158,1.2000000476837158,1.2000000476837158,1.2000000476837158,0
2021-09-07,1.0700000524520874,1.1299999952316284,1.059999942779541,1.100000023841858,10000
2021-09-08,1.090000033378601,1.1299999952316284,1.090000033378601,1.1299999952316284,3000
2021-09-09,1.1299999952316284,1.1299999952316284,1.1299999952316284,1.1299999952316284,0
2021-09-10,1.1299999952316284,1.1299999952316284,1.1299999952316284,1.1299999952316284,0
2021-09-13,1.0700000524520874,1.1799999475479126,1.0700000524520874,1.1799999475479126,14000
2021-09-14,1.100000023841858,1.1799999475479126,1.090000033378601,1.090000033378601,14100
2021-09-15,1.1299999952316284,1.1299999952316284,1.1299999952316284,1.1299999952316284,1000
2021-09-17,1.059999942779541,1.100000023841858,1.059999942779541,1.090000033378601,400
2021-09-20,1.0499999523162842,1.1200000047683716,1.0499999523162842,1.1200000047683716,12500
2021-09-21,1.1399999856948853,1.149999976158142,1.1200000047683716,1.149999976158142,4300
2021-09-22,1.0700000524520874,1.0700000524520874,1.059999942779541,1.059999942779541,5100
2021-09-23,1.090000033378601,1.090000033378601,1.090000033378601,1.090000033378601,3000
2021-09-24,1.0700000524520874,1.0700000524520874,1.0700000524520874,1.0700000524520874,200
2021-09-27,1.100000023841858,1.100000023841858,1.100000023841858,1.100000023841858,3000
2021-09-28,1.100000023841858,1.100000023841858,1.100000023841858,1.100000023841858,0
2021-09-29,1.100000023841858,1.100000023841858,1.100000023841858,1.100000023841858,0
2021-09-30,1.1200000047683716,1.1299999952316284,1.0800000429153442,1.0800000429153442,9000
2021-10-01,1.1100000143051147,1.1100000143051147,1.1100000143051147,1.1100000143051147,2000
2021-10-04,1.1100000143051147,1.1100000143051147,1.1100000143051147,1.1100000143051147,0
2021-10-05,1.0700000524520874,1.1200000047683716,1.059999942779541,1.1200000047683716,10000
2021-10-06,1.1200000047683716,1.1200000047683716,1.1200000047683716,1.1200000047683716,0
2021-10-07,1.1200000047683716,1.1200000047683716,1.1200000047683716,1.1200000047683716,0
2021-10-08,1.149999976158142,1.149999976158142,1.149999976158142,1.149999976158142,5000
2021-10-11,1.149999976158142,1.149999976158142,1.149999976158142,1.149999976158142,0
2021-10-12,1.149999976158142,1.149999976158142,1.149999976158142,1.149999976158142,0
2021-10-13,1.149999976158142,1.149999976158142,1.149999976158142,1.149999976158142,0
2021-10-14,1.0700000524520874,1.0700000524520874,1.0700000524520874,1.0700000524520874,200
2021-10-15,1.1399999856948853,1.1399999856948853,1.1399999856948853,1.1399999856948853,500
2021-10-18,1.0700000524520874,1.1299999952316284,1.0700000524520874,1.100000023841858,5200
2021-10-20,1.100000023841858,1.100000023841858,1.100000023841858,1.100000023841858,0
2021-10-21,1.1399999856948853,1.1399999856948853,1.1399999856948853,1.1399999856948853,1000
2021-10-22,1.059999942779541,1.059999942779541,1.059999942779541,1.059999942779541,6800
2021-10-25,1.059999942779541,1.090000033378601,1.059999942779541,1.090000033378601,3200
2021-10-26,1.059999942779541,1.0700000524520874,1.0499999523162842,1.0700000524520874,15000
2021-10-27,1.0499999523162842,1.0800000429153442,1.0399999618530273,1.0800000429153442,19200
2021-10-28,1.0800000429153442,1.0800000429153442,1.0800000429153442,1.0800000429153442,0
2021-10-29,1.100000023841858,1.1200000047683716,1.0299999713897705,1.0800000429153442,40100
2021-11-01,1.0800000429153442,1.0800000429153442,1.0800000429153442,1.0800000429153442,0
2021-11-02,1.0800000429153442,1.0800000429153442,1.0800000429153442,1.0800000429153442,0
2021-11-03,1.0800000429153442,1.0800000429153442,1.0800000429153442,1.0800000429153442,0
2021-11-05,1.1200000047683716,1.1200000047683716,1.1200000047683716,1.1200000047683716,1000
2021-11-08,1.1200000047683716,1.1200000047683716,1.1200000047683716,1.1200000047683716,0
2021-11-09,1.1200000047683716,1.1200000047683716,1.1200000047683716,1.1200000047683716,0
2021-11-10,1.1200000047683716,1.1200000047683716,1.1200000047683716,1.1200000047683716,0
2021-11-11,1.1200000047683716,1.1200000047683716,1.1200000047683716,1.1200000047683716,0
2021-11-12,1.1200000047683716,1.1200000047683716,1.1200000047683716,1.1200000047683716,0
2021-11-15,1.1200000047683716,1.1200000047683716,1.1200000047683716,1.1200000047683716,0
2021-11-16,1.1200000047683716,1.1200000047683716,1.1200000047683716,1.1200000047683716,0
2021-11-17,1.0499999523162842,1.090000033378601,1.0499999523162842,1.090000033378601,8000
2021-11-18,1.090000033378601,1.090000033378601,1.090000033378601,1.090000033378601,0
2021-11-19,1.090000033378601,1.090000033378601,1.090000033378601,1.090000033378601,0
2021-11-22,1.0399999618530273,1.0800000429153442,0.9700000286102295,1.0800000429153442,47000
2021-11-23,1.0800000429153442,1.0800000429153442,1.0800000429153442,1.0800000429153442,0
2021-11-24,1.0800000429153442,1.0800000429153442,1.0800000429153442,1.0800000429153442,0
2021-11-25,1.0199999809265137,1.0800000429153442,1.0199999809265137,1.0800000429153442,6000
2021-11-26,1.0800000429153442,1.0800000429153442,1.0800000429153442,1.0800000429153442,0
2021-11-29,1.0800000429153442,1.0800000429153442,1.0800000429153442,1.0800000429153442,0
2021-11-30,1.0800000429153442,1.0800000429153442,1.0800000429153442,1.0800000429153442,0
2021-12-01,1.0099999904632568,1.0700000524520874,1.0099999904632568,1.0700000524520874,2900
2021-12-02,1.0700000524520874,1.0700000524520874,1.0700000524520874,1.0700000524520874,0
2021-12-06,1.0700000524520874,1.0700000524520874,1.0700000524520874,1.0700000524520874,0
2021-12-07,1.0700000524520874,1.0700000524520874,1.0700000524520874,1.0700000524520874,0
2021-12-08,1.0700000524520874,1.0700000524520874,1.0700000524520874,1.0700000524520874,0
2021-12-09,1.0700000524520874,1.0700000524520874,1.0700000524520874,1.0700000524520874,0
2021-12-10,1.0700000524520874,1.0700000524520874,1.0700000524520874,1.0700000524520874,0
2021-12-13,1.0199999809265137,1.059999942779541,1.0,1.059999942779541,11000
2021-12-14,1.059999942779541,1.059999942779541,1.059999942779541,1.059999942779541,1200
2021-12-15,1.059999942779541,1.059999942779541,1.059999942779541,1.059999942779541,0
2021-12-16,1.059999942779541,1.059999942779541,1.059999942779541,1.059999942779541,0
2021-12-17,1.059999942779541,1.059999942779541,1.059999942779541,1.059999942779541,0
2021-12-20,1.059999942779541,1.059999942779541,1.059999942779541,1.059999942779541,0
2021-12-21,1.0099999904632568,1.059999942779541,1.0099999904632568,1.059999942779541,3200
2021-12-22,1.059999942779541,1.059999942779541,1.059999942779541,1.059999942779541,0
2021-12-23,1.059999942779541,1.059999942779541,1.059999942779541,1.059999942779541,0
2021-12-24,1.059999942779541,1.059999942779541,1.059999942779541,1.059999942779541,0
2021-12-27,1.0199999809265137,1.059999942779541,1.0099999904632568,1.059999942779541,2300
2021-12-28,1.059999942779541,1.059999942779541,1.059999942779541,1.059999942779541,0
2021-12-29,1.059999942779541,1.059999942779541,1.059999942779541,1.059999942779541,0
2021-12-30,1.0099999904632568,1.059999942779541,1.0099999904632568,1.059999942779541,4200
2021-12-31,1.059999942779541,1.100000023841858,1.059999942779541,1.100000023841858,7200
2022-01-03,1.0199999809265137,1.1200000047683716,1.0199999809265137,1.1200000047683716,8000
2022-01-04,1.0299999713897705,1.100000023841858,1.0199999809265137,1.090000033378601,5400
2022-01-05,1.100000023841858,1.149999976158142,1.100000023841858,1.149999976158142,3900
2022-01-06,1.1699999570846558,1.1699999570846558,1.159999966621399,1.1699999570846558,4000
2022-01-07,1.1699999570846558,1.1799999475479126,1.1699999570846558,1.1799999475479126,2500
2022-01-10,1.1799999475479126,1.1799999475479126,1.1799999475479126,1.1799999475479126,0
2022-01-11,1.1799999475479126,1.1799999475479126,1.1799999475479126,1.1799999475479126,0
2022-01-12,1.1799999475479126,1.1799999475479126,1.1799999475479126,1.1799999475479126,0
2022-01-13,1.1799999475479126,1.1799999475479126,1.1799999475479126,1.1799999475479126,0
2022-01-14,1.1799999475479126,1.1799999475479126,1.1799999475479126,1.1799999475479126,0
2022-01-17,1.1799999475479126,1.1799999475479126,1.1799999475479126,1.1799999475479126,0
2022-01-19,1.1799999475479126,1.1799999475479126,1.1799999475479126,1.1799999475479126,0
2022-01-20,1.1799999475479126,1.1799999475479126,1.1799999475479126,1.1799999475479126,0
2022-01-21,1.1799999475479126,1.1799999475479126,1.1799999475479126,1.1799999475479126,0
2022-01-24,1.1799999475479126,1.1799999475479126,1.1799999475479126,1.1799999475479126,0
2022-01-25,1.1799999475479126,1.1799999475479126,1.1799999475479126,1.1799999475479126,0
2022-01-26,1.1799999475479126,1.1799999475479126,1.1799999475479126,1.1799999475479126,0
2022-01-27,1.1799999475479126,1.1799999475479126,1.1799999475479126,1.1799999475479126,0
2022-01-28,1.1799999475479126,1.1799999475479126,1.1799999475479126,1.1799999475479126,0
2022-01-31,1.1799999475479126,1.1799999475479126,1.1799999475479126,1.1799999475479126,0
2022-02-03,1.1799999475479126,1.1799999475479126,1.1799999475479126,1.1799999475479126,0
2022-02-04,1.1799999475479126,1.1799999475479126,1.1799999475479126,1.1799999475479126,0
2022-02-07,1.1799999475479126,1.1799999475479126,1.1799999475479126,1.1799999475479126,0
2022-02-08,1.0299999713897705,1.1699999570846558,1.0199999809265137,1.1299999952316284,18700
2022-02-09,1.149999976158142,1.1799999475479126,1.090000033378601,1.149999976158142,6100
2022-02-10,1.090000033378601,1.1399999856948853,1.090000033378601,1.1399999856948853,2200
2022-02-11,1.1399999856948853,1.1399999856948853,1.1399999856948853,1.1399999856948853,0
2022-02-14,1.1399999856948853,1.1399999856948853,1.1399999856948853,1.1399999856948853,0
2022-02-15,1.1399999856948853,1.1399999856948853,1.1399999856948853,1.1399999856948853,0
2022-02-16,1.1399999856948853,1.1799999475479126,1.1399999856948853,1.1799999475479126,3300
2022-02-17,1.1799999475479126,1.1799999475479126,1.1799999475479126,1.1799999475479126,0
2022-02-18,1.1799999475479126,1.1799999475479126,1.1799999475479126,1.1799999475479126,0
2022-02-21,1.1799999475479126,1.1799999475479126,1.1799999475479126,1.1799999475479126,0
2022-02-22,1.1799999475479126,1.1799999475479126,1.1799999475479126,1.1799999475479126,0
2022-02-23,1.1799999475479126,1.1799999475479126,1.1799999475479126,1.1799999475479126,0
2022-02-24,1.1799999475479126,1.1799999475479126,1.1799999475479126,1.1799999475479126,0
2022-02-25,1.1799999475479126,1.1799999475479126,1.1799999475479126,1.1799999475479126,0
2022-02-28,1.1799999475479126,1.1799999475479126,1.1799999475479126,1.1799999475479126,0
2022-03-01,1.0700000524520874,1.100000023841858,1.0199999809265137,1.0800000429153442,64900
2022-03-02,1.0800000429153442,1.0800000429153442,1.0800000429153442,1.0800000429153442,0
2022-03-03,1.0299999713897705,1.059999942779541,1.0,1.0499999523162842,31500
2022-03-04,1.0499999523162842,1.0499999523162842,1.0499999523162842,1.0499999523162842,0
2022-03-07,1.0299999713897705,1.059999942779541,1.0299999713897705,1.059999942779541,11700
2022-03-08,1.0199999809265137,1.0700000524520874,1.0099999904632568,1.0099999904632568,17200
2022-03-09,1.0299999713897705,1.0299999713897705,1.0299999713897705,1.0299999713897705,7000
2022-03-10,1.0700000524520874,1.0700000524520874,1.0399999618530273,1.0399999618530273,9500
2022-03-11,1.0399999618530273,1.0399999618530273,1.0399999618530273,1.0399999618530273,0
2022-03-14,1.0499999523162842,1.0499999523162842,1.0499999523162842,1.0499999523162842,5000
2022-03-15,1.059999942779541,1.059999942779541,1.059999942779541,1.059999942779541,3000
2022-03-16,1.059999942779541,1.0800000429153442,1.059999942779541,1.0800000429153442,4000
2022-03-17,1.0800000429153442,1.090000033378601,1.0800000429153442,1.090000033378601,11500
2022-03-18,1.090000033378601,1.100000023841858,1.0800000429153442,1.100000023841858,13100
2022-03-21,1.100000023841858,1.100000023841858,1.0800000429153442,1.100000023841858,18000
2022-03-22,1.090000033378601,1.100000023841858,1.0800000429153442,1.100000023841858,7000
2022-03-23,1.1100000143051147,1.1100000143051147,1.1100000143051147,1.1100000143051147,1000
2022-03-24,1.1100000143051147,1.1100000143051147,1.1100000143051147,1.1100000143051147,0
2022-03-25,1.1200000047683716,1.1200000047683716,1.1200000047683716,1.1200000047683716,2000
2022-03-28,1.0800000429153442,1.1200000047683716,1.0800000429153442,1.1200000047683716,2000
2022-03-29,1.0800000429153442,1.1399999856948853,1.0800000429153442,1.1399999856948853,2000
2022-03-30,1.100000023841858,1.100000023841858,1.100000023841858,1.100000023841858,1000
2022-03-31,1.100000023841858,1.100000023841858,1.100000023841858,1.100000023841858,0
2022-04-01,1.100000023841858,1.100000023841858,1.100000023841858,1.100000023841858,0
2022-04-04,1.100000023841858,1.1299999952316284,1.090000033378601,1.1299999952316284,8700
2022-04-05,1.1299999952316284,1.1299999952316284,1.1299999952316284,1.1299999952316284,0
2022-04-06,1.1299999952316284,1.1299999952316284,1.1299999952316284,1.1299999952316284,2000
2022-04-07,1.1299999952316284,1.1299999952316284,1.1299999952316284,1.1299999952316284,0
2022-04-08,1.1299999952316284,1.149999976158142,1.1299999952316284,1.149999976158142,4000
2022-04-11,1.149999976158142,1.149999976158142,1.149999976158142,1.149999976158142,5500
2022-04-12,1.149999976158142,1.149999976158142,1.149999976158142,1.149999976158142,2000
2022-04-13,1.149999976158142,1.149999976158142,1.149999976158142,1.149999976158142,6000
2022-04-14,1.149999976158142,1.149999976158142,1.149999976158142,1.149999976158142,0
2022-04-15,1.149999976158142,1.149999976158142,1.149999976158142,1.149999976158142,0
2022-04-18,1.149999976158142,1.149999976158142,1.149999976158142,1.149999976158142,0
2022-04-20,1.149999976158142,1.149999976158142,1.149999976158142,1.149999976158142,3000
2022-04-21,1.149999976158142,1.149999976158142,1.149999976158142,1.149999976158142,0
2022-04-22,1.149999976158142,1.149999976158142,1.149999976158142,1.149999976158142,0
2022-04-25,1.149999976158142,1.149999976158142,1.149999976158142,1.149999976158142,3000
2022-04-26,1.149999976158142,1.149999976158142,1.149999976158142,1.149999976158142,3000
2022-04-27,1.149999976158142,1.149999976158142,1.149999976158142,1.149999976158142,0
2022-04-28,1.149999976158142,1.190000057220459,1.1299999952316284,1.190000057220459,6000
2022-04-29,1.190000057220459,1.190000057220459,1.190000057220459,1.190000057220459,0
2022-05-05,1.149999976158142,1.149999976158142,1.149999976158142,1.149999976158142,700
2022-05-06,1.149999976158142,1.149999976158142,1.1200000047683716,1.149999976158142,13900
2022-05-09,1.149999976158142,1.149999976158142,1.149999976158142,1.149999976158142,4700
2022-05-10,1.149999976158142,1.149999976158142,1.149999976158142,1.149999976158142,2500
2022-05-11,1.149999976158142,1.149999976158142,1.149999976158142,1.149999976158142,0
2022-05-12,1.149999976158142,1.149999976158142,1.149999976158142,1.149999976158142,4000
2022-05-13,1.149999976158142,1.149999976158142,1.149999976158142,1.149999976158142,0
2022-05-17,1.149999976158142,1.149999976158142,1.149999976158142,1.149999976158142,0
2022-05-18,1.149999976158142,1.149999976158142,1.149999976158142,1.149999976158142,2800
2022-05-19,1.149999976158142,1.149999976158142,1.149999976158142,1.149999976158142,0
2022-05-20,1.149999976158142,1.149999976158142,1.149999976158142,1.149999976158142,0
2022-05-23,1.149999976158142,1.149999976158142,1.149999976158142,1.149999976158142,2000
2022-05-24,1.149999976158142,1.149999976158142,1.149999976158142,1.149999976158142,0
2022-05-25,1.149999976158142,1.149999976158142,1.149999976158142,1.149999976158142,0
2022-05-26,1.149999976158142,1.149999976158142,1.149999976158142,1.149999976158142,0
2022-05-27,1.149999976158142,1.149999976158142,1.149999976158142,1.149999976158142,4000
2022-05-30,1.149999976158142,1.149999976158142,1.149999976158142,1.149999976158142,0
2022-05-31,1.149999976158142,1.149999976158142,1.149999976158142,1.149999976158142,0
2022-06-01,1.149999976158142,1.149999976158142,1.149999976158142,1.149999976158142,3000
2022-06-02,1.149999976158142,1.149999976158142,1.149999976158142,1.149999976158142,0
2022-06-03,1.149999976158142,1.149999976158142,1.149999976158142,1.149999976158142,0
2022-06-07,1.149999976158142,1.149999976158142,1.149999976158142,1.149999976158142,0
2022-06-08,1.149999976158142,1.149999976158142,1.149999976158142,1.149999976158142,0
2022-06-09,1.149999976158142,1.149999976158142,1.149999976158142,1.149999976158142,0
2022-06-10,1.149999976158142,1.149999976158142,1.149999976158142,1.149999976158142,0
2022-06-13,1.149999976158142,1.149999976158142,1.1299999952316284,1.149999976158142,10000
2022-06-14,1.149999976158142,1.149999976158142,1.149999976158142,1.149999976158142,0
2022-06-15,1.1299999952316284,1.1299999952316284,1.1299999952316284,1.1299999952316284,2500
2022-06-16,1.1299999952316284,1.1299999952316284,1.1299999952316284,1.1299999952316284,0
2022-06-17,1.149999976158142,1.149999976158142,1.1299999952316284,1.1299999952316284,2100
2022-06-20,1.1299999952316284,1.1299999952316284,1.1299999952316284,1.1299999952316284,0
2022-06-21,1.149999976158142,1.149999976158142,1.149999976158142,1.149999976158142,3000
2022-06-22,1.149999976158142,1.149999976158142,1.149999976158142,1.149999976158142,0
2022-06-23,1.1299999952316284,1.149999976158142,1.1200000047683716,1.149999976158142,5000
2022-06-24,1.149999976158142,1.149999976158142,1.149999976158142,1.149999976158142,0
2022-06-27,1.149999976158142,1.149999976158142,1.149999976158142,1.149999976158142,0
2022-06-28,1.149999976158142,1.149999976158142,1.149999976158142,1.149999976158142,0
2022-06-29,1.149999976158142,1.149999976158142,1.149999976158142,1.149999976158142,0
2022-06-30,1.149999976158142,1.149999976158142,1.149999976158142,1.149999976158142,0
2022-07-01,1.1299999952316284,1.149999976158142,1.1299999952316284,1.149999976158142,7000
2022-07-04,1.149999976158142,1.149999976158142,1.149999976158142,1.149999976158142,0
2022-07-05,1.149999976158142,1.149999976158142,1.149999976158142,1.149999976158142,0
2022-07-06,1.149999976158142,1.149999976158142,1.149999976158142,1.149999976158142,0
2022-07-07,1.149999976158142,1.149999976158142,1.149999976158142,1.149999976158142,0
2022-07-08,1.149999976158142,1.149999976158142,1.149999976158142,1.149999976158142,0
2022-07-12,1.149999976158142,1.149999976158142,1.149999976158142,1.149999976158142,0
2022-07-13,1.149999976158142,1.149999976158142,1.149999976158142,1.149999976158142,0
2022-07-14,1.149999976158142,1.149999976158142,1.149999976158142,1.149999976158142,0
2022-07-15,1.149999976158142,1.149999976158142,1.149999976158142,1.149999976158142,0
2022-07-18,1.149999976158142,1.149999976158142,1.149999976158142,1.149999976158142,0
2022-07-19,1.149999976158142,1.149999976158142,1.149999976158142,1.149999976158142,0
2022-07-20,1.1200000047683716,1.1399999856948853,1.1100000143051147,1.1100000143051147,4200
2022-07-21,1.1200000047683716,1.149999976158142,1.1200000047683716,1.149999976158142,8000
2022-07-22,1.149999976158142,1.149999976158142,1.149999976158142,1.149999976158142,5000
2022-07-25,1.149999976158142,1.149999976158142,1.149999976158142,1.149999976158142,0
2022-07-26,1.149999976158142,1.149999976158142,1.149999976158142,1.149999976158142,0
2022-07-27,1.149999976158142,1.149999976158142,1.149999976158142,1.149999976158142,0
2022-07-28,1.149999976158142,1.149999976158142,1.149999976158142,1.149999976158142,0
2022-07-29,1.149999976158142,1.149999976158142,1.149999976158142,1.149999976158142,0
2022-08-01,1.149999976158142,1.149999976158142,1.149999976158142,1.149999976158142,0
2022-08-02,1.149999976158142,1.149999976158142,1.149999976158142,1.149999976158142,0
2022-08-03,1.1200000047683716,1.149999976158142,1.1200000047683716,1.149999976158142,2200
2022-08-04,1.149999976158142,1.149999976158142,1.149999976158142,1.149999976158142,0
2022-08-05,1.149999976158142,1.149999976158142,1.149999976158142,1.149999976158142,0
2022-08-08,1.149999976158142,1.149999976158142,1.149999976158142,1.149999976158142,0
2022-08-09,1.149999976158142,1.149999976158142,1.149999976158142,1.149999976158142,0
2022-08-10,1.149999976158142,1.149999976158142,1.149999976158142,1.149999976158142,0
2022-08-11,1.149999976158142,1.149999976158142,1.149999976158142,1.149999976158142,0
2022-08-12,1.1200000047683716,1.149999976158142,1.1200000047683716,1.149999976158142,1500
2022-08-15,1.1200000047683716,1.149999976158142,1.1200000047683716,1.149999976158142,1500
2022-08-16,1.149999976158142,1.149999976158142,1.149999976158142,1.149999976158142,0
2022-08-17,1.149999976158142,1.149999976158142,1.149999976158142,1.149999976158142,0
2022-08-18,1.149999976158142,1.149999976158142,1.149999976158142,1.149999976158142,0
2022-08-19,1.149999976158142,1.149999976158142,1.149999976158142,1.149999976158142,0
2022-08-22,1.149999976158142,1.149999976158142,1.149999976158142,1.149999976158142,0
2022-08-23,1.149999976158142,1.149999976158142,1.149999976158142,1.149999976158142,0
2022-08-24,1.149999976158142,1.149999976158142,1.149999976158142,1.149999976158142,0
2022-08-25,1.149999976158142,1.149999976158142,1.149999976158142,1.149999976158142,0
2022-08-26,1.149999976158142,1.149999976158142,1.149999976158142,1.149999976158142,0
2022-08-29,1.1200000047683716,1.149999976158142,1.1200000047683716,1.149999976158142,4000
2022-08-30,1.1200000047683716,1.149999976158142,1.100000023841858,1.149999976158142,8000
2022-09-01,1.149999976158142,1.149999976158142,1.149999976158142,1.149999976158142,0
2022-09-02,1.149999976158142,1.149999976158142,1.149999976158142,1.149999976158142,0
2022-09-05,1.149999976158142,1.149999976158142,1.149999976158142,1.149999976158142,0
2022-09-06,1.149999976158142,1.149999976158142,1.149999976158142,1.149999976158142,0
2022-09-07,1.149999976158142,1.149999976158142,1.149999976158142,1.149999976158142,0
2022-09-08,1.1299999952316284,1.149999976158142,1.1299999952316284,1.149999976158142,7000
2022-09-09,1.1200000047683716,1.149999976158142,1.1200000047683716,1.149999976158142,4000
2022-09-12,1.149999976158142,1.149999976158142,1.149999976158142,1.149999976158142,0
2022-09-13,1.149999976158142,1.149999976158142,1.149999976158142,1.149999976158142,0
2022-09-14,1.149999976158142,1.149999976158142,1.149999976158142,1.149999976158142,0
2022-09-15,1.149999976158142,1.149999976158142,1.149999976158142,1.149999976158142,0
2022-09-19,1.1200000047683716,1.149999976158142,1.1200000047683716,1.149999976158142,6000
2022-09-20,1.1200000047683716,1.149999976158142,1.1200000047683716,1.149999976158142,5500
2022-09-21,1.149999976158142,1.149999976158142,1.149999976158142,1.149999976158142,0
2022-09-22,1.1200000047683716,1.149999976158142,1.1200000047683716,1.149999976158142,4000
2022-09-23,1.149999976158142,1.149999976158142,1.149999976158142,1.149999976158142,0
2022-09-26,1.1200000047683716,1.149999976158142,1.1200000047683716,1.149999976158142,3000
2022-09-27,1.149999976158142,1.149999976158142,1.149999976158142,1.149999976158142,0
2022-09-28,1.1200000047683716,1.149999976158142,1.100000023841858,1.149999976158142,13000
2022-09-29,1.1200000047683716,1.149999976158142,1.1200000047683716,1.149999976158142,4000
2022-09-30,1.149999976158142,1.149999976158142,1.149999976158142,1.149999976158142,0
2022-10-03,1.149999976158142,1.149999976158142,1.149999976158142,1.149999976158142,0
2022-10-04,1.149999976158142,1.149999976158142,1.149999976158142,1.149999976158142,0
2022-10-05,1.149999976158142,1.149999976158142,1.149999976158142,1.149999976158142,0
2022-10-06,1.149999976158142,1.149999976158142,1.149999976158142,1.149999976158142,0
2022-10-07,1.149999976158142,1.149999976158142,1.149999976158142,1.149999976158142,0
2022-10-11,1.149999976158142,1.149999976158142,1.149999976158142,1.149999976158142,0
2022-10-12,1.149999976158142,1.149999976158142,1.149999976158142,1.149999976158142,0
2022-10-13,1.149999976158142,1.149999976158142,1.149999976158142,1.149999976158142,0
2022-10-14,1.149999976158142,1.149999976158142,1.149999976158142,1.149999976158142,0
2022-10-17,1.1200000047683716,1.1200000047683716,1.1100000143051147,1.1200000047683716,14800
2022-10-18,1.149999976158142,1.149999976158142,1.1200000047683716,1.149999976158142,7000
2022-10-19,1.149999976158142,1.149999976158142,1.149999976158142,1.149999976158142,0
2022-10-20,1.149999976158142,1.149999976158142,1.149999976158142,1.149999976158142,0
2022-10-21,1.149999976158142,1.149999976158142,1.149999976158142,1.149999976158142,0
2022-10-25,1.149999976158142,1.149999976158142,1.149999976158142,1.149999976158142,0
2022-10-26,1.1200000047683716,1.149999976158142,1.1200000047683716,1.149999976158142,7000
2022-10-27,1.149999976158142,1.149999976158142,1.149999976158142,1.149999976158142,0
2022-10-28,1.149999976158142,1.149999976158142,1.149999976158142,1.149999976158142,0
2022-10-31,1.149999976158142,1.149999976158142,1.149999976158142,1.149999976158142,0
2022-11-01,1.1200000047683716,1.149999976158142,1.1100000143051147,1.149999976158142,9700
2022-11-02,1.149999976158142,1.149999976158142,1.149999976158142,1.149999976158142,0
2022-11-03,1.1100000143051147,1.149999976158142,1.1100000143051147,1.149999976158142,8000
2022-11-04,1.1100000143051147,1.149999976158142,1.1100000143051147,1.149999976158142,6000
2022-11-07,1.1100000143051147,1.1100000143051147,1.1100000143051147,1.1100000143051147,5000
2022-11-08,1.149999976158142,1.149999976158142,1.149999976158142,1.149999976158142,1000
2022-11-09,1.1100000143051147,1.149999976158142,1.1100000143051147,1.149999976158142,6000
2022-11-10,1.1100000143051147,1.149999976158142,1.1100000143051147,1.149999976158142,5000
2022-11-11,1.1100000143051147,1.149999976158142,1.100000023841858,1.149999976158142,6000
2022-11-14,1.1100000143051147,1.149999976158142,1.1100000143051147,1.149999976158142,6000
2022-11-15,1.1100000143051147,1.1100000143051147,1.100000023841858,1.100000023841858,20000
2022-11-16,1.1399999856948853,1.1399999856948853,1.1399999856948853,1.1399999856948853,1000
2022-11-17,1.1399999856948853,1.1399999856948853,1.1399999856948853,1.1399999856948853,0
2022-11-21,1.1399999856948853,1.1399999856948853,1.1399999856948853,1.1399999856948853,0
2022-11-22,1.100000023841858,1.149999976158142,1.100000023841858,1.149999976158142,5000
2022-11-23,1.149999976158142,1.149999976158142,1.149999976158142,1.149999976158142,0
2022-11-24,1.149999976158142,1.149999976158142,1.149999976158142,1.149999976158142,0
2022-11-25,1.149999976158142,1.149999976158142,1.149999976158142,1.149999976158142,0
2022-11-29,1.149999976158142,1.149999976158142,1.149999976158142,1.149999976158142,0
2022-11-30,1.100000023841858,1.1399999856948853,1.100000023841858,1.1399999856948853,8200
2022-12-01,1.1399999856948853,1.1399999856948853,1.1399999856948853,1.1399999856948853,0
2022-12-02,1.1399999856948853,1.1399999856948853,1.1399999856948853,1.1399999856948853,0
2022-12-05,1.1399999856948853,1.1399999856948853,1.1399999856948853,1.1399999856948853,0
2022-12-06,1.1399999856948853,1.1399999856948853,1.1399999856948853,1.1399999856948853,0
2022-12-07,1.1100000143051147,1.149999976158142,1.1100000143051147,1.149999976158142,2000
2022-12-08,1.149999976158142,1.149999976158142,1.149999976158142,1.149999976158142,0
2022-12-09,1.149999976158142,1.149999976158142,1.149999976158142,1.149999976158142,0
2022-12-12,1.149999976158142,1.149999976158142,1.149999976158142,1.149999976158142,0
2022-12-13,1.149999976158142,1.149999976158142,1.149999976158142,1.149999976158142,0
2022-12-14,1.149999976158142,1.149999976158142,1.149999976158142,1.149999976158142,0
2022-12-15,1.1100000143051147,1.149999976158142,1.1100000143051147,1.149999976158142,2000
2022-12-16,1.149999976158142,1.149999976158142,1.149999976158142,1.149999976158142,0
2022-12-19,1.149999976158142,1.149999976158142,1.149999976158142,1.149999976158142,0
2022-12-20,1.149999976158142,1.149999976158142,1.149999976158142,1.149999976158142,0
2022-12-21,1.149999976158142,1.149999976158142,1.149999976158142,1.149999976158142,0
2022-12-22,1.149999976158142,1.149999976158142,1.149999976158142,1.149999976158142,0
2022-12-23,1.149999976158142,1.149999976158142,1.149999976158142,1.149999976158142,0
2022-12-27,1.100000023841858,1.149999976158142,1.100000023841858,1.149999976158142,3000
2022-12-28,1.149999976158142,1.149999976158142,1.149999976158142,1.149999976158142,0
2022-12-29,1.149999976158142,1.149999976158142,1.149999976158142,1.149999976158142,0
2022-12-30,1.149999976158142,1.149999976158142,1.149999976158142,1.149999976158142,0
2023-01-03,1.149999976158142,1.149999976158142,1.149999976158142,1.149999976158142,0
2023-01-04,1.149999976158142,1.149999976158142,1.149999976158142,1.149999976158142,0
2023-01-05,1.100000023841858,1.1399999856948853,1.100000023841858,1.1399999856948853,6700
2023-01-06,1.149999976158142,1.149999976158142,1.149999976158142,1.149999976158142,1000
2023-01-09,1.149999976158142,1.149999976158142,1.149999976158142,1.149999976158142,0
2023-01-10,1.149999976158142,1.149999976158142,1.149999976158142,1.149999976158142,0
2023-01-11,1.149999976158142,1.149999976158142,1.149999976158142,1.149999976158142,0
2023-01-12,1.149999976158142,1.149999976158142,1.149999976158142,1.149999976158142,0
2023-01-13,1.100000023841858,1.1399999856948853,1.100000023841858,1.1399999856948853,4000
2023-01-16,1.100000023841858,1.149999976158142,1.100000023841858,1.149999976158142,6700
2023-01-17,1.149999976158142,1.149999976158142,1.149999976158142,1.149999976158142,0
2023-01-18,1.149999976158142,1.149999976158142,1.149999976158142,1.149999976158142,0
2023-01-19,1.149999976158142,1.149999976158142,1.149999976158142,1.149999976158142,0
2023-01-20,1.149999976158142,1.149999976158142,1.149999976158142,1.149999976158142,0
2023-01-25,1.149999976158142,1.149999976158142,1.149999976158142,1.149999976158142,0
2023-01-26,1.149999976158142,1.149999976158142,1.149999976158142,1.149999976158142,0
2023-01-27,1.149999976158142,1.149999976158142,1.149999976158142,1.149999976158142,0
2023-01-30,1.149999976158142,1.149999976158142,1.149999976158142,1.149999976158142,0
2023-01-31,1.100000023841858,1.1399999856948853,1.100000023841858,1.1399999856948853,10000
2023-02-02,1.1399999856948853,1.1399999856948853,1.1399999856948853,1.1399999856948853,0
2023-02-03,1.1399999856948853,1.1399999856948853,1.1399999856948853,1.1399999856948853,0
2023-02-07,1.100000023841858,1.149999976158142,1.100000023841858,1.149999976158142,3300
2023-02-08,1.149999976158142,1.149999976158142,1.149999976158142,1.149999976158142,0
2023-02-09,1.149999976158142,1.149999976158142,1.149999976158142,1.149999976158142,0
2023-02-10,1.100000023841858,1.149999976158142,1.100000023841858,1.149999976158142,5000
2023-02-13,1.149999976158142,1.149999976158142,1.149999976158142,1.149999976158142,0
2023-02-14,1.149999976158142,1.149999976158142,1.149999976158142,1.149999976158142,0
2023-02-15,1.149999976158142,1.149999976158142,1.149999976158142,1.149999976158142,0
2023-02-16,1.149999976158142,1.149999976158142,1.149999976158142,1.149999976158142,0
2023-02-17,1.149999976158142,1.149999976158142,1.149999976158142,1.149999976158142,0
2023-02-20,1.149999976158142,1.149999976158142,1.149999976158142,1.149999976158142,0
2023-02-21,1.149999976158142,1.149999976158142,1.149999976158142,1.149999976158142,0
2023-02-22,1.149999976158142,1.149999976158142,1.149999976158142,1.149999976158142,0
2023-02-23,1.149999976158142,1.149999976158142,1.149999976158142,1.149999976158142,0
2023-02-24,1.100000023841858,1.149999976158142,1.100000023841858,1.149999976158142,3000
2023-02-27,1.149999976158142,1.149999976158142,1.149999976158142,1.149999976158142,0
2023-02-28,1.149999976158142,1.149999976158142,1.149999976158142,1.149999976158142,0
2023-03-01,1.149999976158142,1.149999976158142,1.149999976158142,1.149999976158142,0
2023-03-02,1.100000023841858,1.149999976158142,1.0800000429153442,1.149999976158142,20000
2023-03-03,1.149999976158142,1.149999976158142,1.149999976158142,1.149999976158142,0
2023-03-06,1.149999976158142,1.149999976158142,1.149999976158142,1.149999976158142,0
2023-03-07,1.100000023841858,1.149999976158142,1.100000023841858,1.149999976158142,3000
2023-03-08,1.149999976158142,1.149999976158142,1.149999976158142,1.149999976158142,0
2023-03-09,1.149999976158142,1.149999976158142,1.149999976158142,1.149999976158142,0
2023-03-10,1.149999976158142,1.149999976158142,1.149999976158142,1.149999976158142,0
2023-03-13,1.100000023841858,1.149999976158142,1.100000023841858,1.149999976158142,5000
2023-03-14,1.149999976158142,1.149999976158142,1.149999976158142,1.149999976158142,0
2023-03-15,1.100000023841858,1.100000023841858,1.090000033378601,1.100000023841858,22300
2023-03-16,1.1299999952316284,1.1299999952316284,1.1299999952316284,1.1299999952316284,1000
2023-03-17,1.1299999952316284,1.1399999856948853,1.1299999952316284,1.1399999856948853,3500
2023-03-20,1.1299999952316284,1.1299999952316284,1.1299999952316284,1.1299999952316284,1100
2023-03-21,1.1399999856948853,1.1399999856948853,1.1399999856948853,1.1399999856948853,2100
2023-03-22,1.100000023841858,1.1299999952316284,1.100000023841858,1.1299999952316284,8500
2023-03-23,1.100000023841858,1.1299999952316284,1.100000023841858,1.1299999952316284,11000
2023-03-24,1.1299999952316284,1.1299999952316284,1.1299999952316284,1.1299999952316284,2000
2023-03-27,1.100000023841858,1.100000023841858,1.090000033378601,1.100000023841858,18000
2023-03-28,1.1299999952316284,1.1299999952316284,1.1299999952316284,1.1299999952316284,1000
2023-03-29,1.090000033378601,1.090000033378601,1.090000033378601,1.090000033378601,900
2023-03-30,1.090000033378601,1.090000033378601,1.090000033378601,1.090000033378601,0
2023-03-31,1.090000033378601,1.090000033378601,1.090000033378601,1.090000033378601,0
2023-04-03,1.090000033378601,1.090000033378601,1.090000033378601,1.090000033378601,0
2023-04-04,1.090000033378601,1.100000023841858,1.0700000524520874,1.100000023841858,18500
2023-04-05,1.100000023841858,1.100000023841858,1.100000023841858,1.100000023841858,2000
2023-04-06,1.0800000429153442,1.0800000429153442,1.0399999618530273,1.0800000429153442,41000
2023-04-07,1.0299999713897705,1.0499999523162842,1.0299999713897705,1.0499999523162842,5700
2023-04-10,1.0499999523162842,1.0499999523162842,1.0199999809265137,1.0499999523162842,13600
2023-04-11,1.0499999523162842,1.0499999523162842,1.0499999523162842,1.0499999523162842,0
2023-04-12,1.0800000429153442,1.0800000429153442,1.0800000429153442,1.0800000429153442,2000
2023-04-13,1.0299999713897705,1.100000023841858,1.0299999713897705,1.100000023841858,13000
2023-04-14,1.100000023841858,1.100000023841858,1.100000023841858,1.100000023841858,0
2023-04-17,1.0499999523162842,1.149999976158142,1.0499999523162842,1.149999976158142,13000
2023-04-18,1.0499999523162842,1.149999976158142,1.0499999523162842,1.149999976158142,2500
2023-04-19,1.100000023841858,1.100000023841858,1.100000023841858,1.100000023841858,9000
2023-04-20,1.1399999856948853,1.1399999856948853,1.1399999856948853,1.1399999856948853,1000
2023-04-25,1.0800000429153442,1.1399999856948853,1.0800000429153442,1.1399999856948853,1500
2023-04-26,1.090000033378601,1.100000023841858,1.0800000429153442,1.100000023841858,7000
2023-04-27,1.0399999618530273,1.0399999618530273,1.0399999618530273,1.0399999618530273,800
2023-04-28,1.0399999618530273,1.0399999618530273,1.0399999618530273,1.0399999618530273,0
2023-05-02,1.0800000429153442,1.1399999856948853,1.0800000429153442,1.1399999856948853,3000
2023-05-03,1.0700000524520874,1.0700000524520874,1.0700000524520874,1.0700000524520874,5000
2023-05-05,1.100000023841858,1.100000023841858,1.100000023841858,1.100000023841858,600
2023-05-08,1.100000023841858,1.100000023841858,1.100000023841858,1.100000023841858,4400
2023-05-09,1.059999942779541,1.100000023841858,1.059999942779541,1.059999942779541,4900
2023-05-10,1.0399999618530273,1.0399999618530273,1.0399999618530273,1.0399999618530273,1200
2023-05-11,1.0399999618530273,1.0399999618530273,1.0399999618530273,1.0399999618530273,0
2023-05-12,1.0399999618530273,1.0399999618530273,1.0399999618530273,1.0399999618530273,0
2023-05-15,1.0399999618530273,1.0399999618530273,1.0399999618530273,1.0399999618530273,0
2023-05-16,1.0700000524520874,1.0700000524520874,1.0399999618530273,1.0399999618530273,2500
2023-05-17,1.0399999618530273,1.0399999618530273,1.0399999618530273,1.0399999618530273,0
2023-05-18,1.0399999618530273,1.0399999618530273,1.0399999618530273,1.0399999618530273,0
2023-05-19,1.0399999618530273,1.0399999618530273,1.0199999809265137,1.0199999809265137,6200
2023-05-22,1.0199999809265137,1.0199999809265137,1.0199999809265137,1.0199999809265137,0
2023-05-23,1.0199999809265137,1.0199999809265137,1.0199999809265137,1.0199999809265137,0
2023-05-24,1.0199999809265137,1.0199999809265137,1.0199999809265137,1.0199999809265137,0
2023-05-25,1.0199999809265137,1.0199999809265137,1.0199999809265137,1.0199999809265137,0
2023-05-26,1.0199999809265137,1.0199999809265137,1.0199999809265137,1.0199999809265137,0
2023-05-29,1.0199999809265137,1.0199999809265137,1.0199999809265137,1.0199999809265137,0
2023-05-30,1.0399999618530273,1.0499999523162842,1.0399999618530273,1.0499999523162842,4000
2023-05-31,1.0499999523162842,1.0499999523162842,1.0199999809265137,1.0199999809265137,4200
2023-06-01,1.0199999809265137,1.0199999809265137,1.0199999809265137,1.0199999809265137,0
2023-06-02,1.0199999809265137,1.0199999809265137,1.0199999809265137,1.0199999809265137,0
2023-06-06,1.0199999809265137,1.0199999809265137,1.0199999809265137,1.0199999809265137,0
2023-06-07,1.0199999809265137,1.0199999809265137,1.0199999809265137,1.0199999809265137,0
2023-06-08,1.0199999809265137,1.0199999809265137,1.0199999809265137,1.0199999809265137,0
2023-06-09,1.0199999809265137,1.0199999809265137,1.0199999809265137,1.0199999809265137,0
2023-06-12,1.0199999809265137,1.0199999809265137,1.0199999809265137,1.0199999809265137,0
2023-06-13,1.0199999809265137,1.0199999809265137,1.0199999809265137,1.0199999809265137,0
2023-06-14,1.059999942779541,1.059999942779541,1.059999942779541,1.059999942779541,3000
2023-06-15,1.059999942779541,1.059999942779541,1.059999942779541,1.059999942779541,0
2023-06-16,1.059999942779541,1.059999942779541,1.059999942779541,1.059999942779541,2000
2023-06-19,1.0499999523162842,1.0499999523162842,1.0499999523162842,1.0499999523162842,1000
2023-06-20,1.0499999523162842,1.0499999523162842,1.0499999523162842,1.0499999523162842,0
2023-06-21,1.0499999523162842,1.0499999523162842,1.0499999523162842,1.0499999523162842,0
2023-06-22,1.0499999523162842,1.0499999523162842,1.0499999523162842,1.0499999523162842,0
2023-06-23,1.059999942779541,1.059999942779541,1.0399999618530273,1.059999942779541,7000
2023-06-26,1.059999942779541,1.059999942779541,1.059999942779541,1.059999942779541,0
2023-06-27,1.059999942779541,1.059999942779541,1.059999942779541,1.059999942779541,0
2023-06-28,1.0299999713897705,1.0499999523162842,1.0299999713897705,1.0499999523162842,4000
2023-06-30,1.0499999523162842,1.0499999523162842,1.0499999523162842,1.0499999523162842,0
2023-07-03,1.0499999523162842,1.0499999523162842,1.0499999523162842,1.0499999523162842,0
2023-07-04,1.0499999523162842,1.0499999523162842,1.0499999523162842,1.0499999523162842,0
2023-07-05,1.0499999523162842,1.0499999523162842,1.0499999523162842,1.0499999523162842,0
2023-07-06,1.0299999713897705,1.0299999713897705,1.0299999713897705,1.0299999713897705,6200
2023-07-07,1.059999942779541,1.059999942779541,1.059999942779541,1.059999942779541,2000
2023-07-10,1.0299999713897705,1.0299999713897705,1.0299999713897705,1.0299999713897705,6000
2023-07-11,1.0299999713897705,1.059999942779541,1.0299999713897705,1.059999942779541,4400
2023-07-12,1.059999942779541,1.059999942779541,1.059999942779541,1.059999942779541,0
2023-07-13,1.059999942779541,1.059999942779541,1.059999942779541,1.059999942779541,0
2023-07-14,1.059999942779541,1.059999942779541,1.059999942779541,1.059999942779541,0
2023-07-17,1.059999942779541,1.059999942779541,1.059999942779541,1.059999942779541,2300
2023-07-18,1.059999942779541,1.059999942779541,1.059999942779541,1.059999942779541,0
2023-07-20,1.059999942779541,1.059999942779541,1.059999942779541,1.059999942779541,0
2023-07-21,1.059999942779541,1.059999942779541,1.059999942779541,1.059999942779541,0
2023-07-24,1.059999942779541,1.059999942779541,1.059999942779541,1.059999942779541,0
2023-07-25,1.059999942779541,1.059999942779541,1.059999942779541,1.059999942779541,0
2023-07-26,1.059999942779541,1.059999942779541,1.059999942779541,1.059999942779541,0
2023-07-27,1.0399999618530273,1.059999942779541,1.0399999618530273,1.059999942779541,4700
2023-07-28,1.059999942779541,1.059999942779541,1.059999942779541,1.059999942779541,0
2023-07-31,1.059999942779541,1.059999942779541,1.059999942779541,1.059999942779541,0
2023-08-01,1.059999942779541,1.059999942779541,1.059999942779541,1.059999942779541,0
2023-08-02,1.059999942779541,1.059999942779541,1.059999942779541,1.059999942779541,0
2023-08-03,1.059999942779541,1.059999942779541,1.059999942779541,1.059999942779541,0
2023-08-04,1.059999942779541,1.059999942779541,1.059999942779541,1.059999942779541,0
2023-08-07,1.059999942779541,1.059999942779541,1.059999942779541,1.059999942779541,0
2023-08-08,1.059999942779541,1.059999942779541,1.059999942779541,1.059999942779541,0
2023-08-09,1.059999942779541,1.059999942779541,1.059999942779541,1.059999942779541,0
2023-08-10,1.059999942779541,1.059999942779541,1.059999942779541,1.059999942779541,0
2023-08-11,1.059999942779541,1.059999942779541,1.059999942779541,1.059999942779541,0
2023-08-14,1.059999942779541,1.059999942779541,1.059999942779541,1.059999942779541,0
2023-08-15,1.059999942779541,1.059999942779541,1.059999942779541,1.059999942779541,0
2023-08-16,1.059999942779541,1.059999942779541,1.059999942779541,1.059999942779541,0
2023-08-17,1.059999942779541,1.059999942779541,1.059999942779541,1.059999942779541,0
2023-08-18,1.059999942779541,1.059999942779541,1.059999942779541,1.059999942779541,0
2023-08-21,1.0299999713897705,1.0499999523162842,1.0199999809265137,1.0499999523162842,7000
2023-08-22,1.0499999523162842,1.0499999523162842,1.0499999523162842,1.0499999523162842,300
2023-08-23,1.0499999523162842,1.0499999523162842,1.0499999523162842,1.0499999523162842,0
2023-08-24,1.0299999713897705,1.0499999523162842,1.0299999713897705,1.0499999523162842,5000
2023-08-25,1.0499999523162842,1.0499999523162842,1.0499999523162842,1.0499999523162842,0
2023-08-28,1.0499999523162842,1.0499999523162842,1.0499999523162842,1.0499999523162842,0
2023-08-29,1.0499999523162842,1.0499999523162842,1.0499999523162842,1.0499999523162842,0
2023-08-30,1.0499999523162842,1.0499999523162842,1.0499999523162842,1.0499999523162842,0
2023-09-01,1.0499999523162842,1.0499999523162842,1.0499999523162842,1.0499999523162842,0
2023-09-04,1.0299999713897705,1.0499999523162842,1.0199999809265137,1.0499999523162842,9300
2023-09-05,1.0299999713897705,1.0299999713897705,1.0299999713897705,1.0299999713897705,100
2023-09-06,1.0399999618530273,1.0499999523162842,1.0399999618530273,1.0499999523162842,1100
2023-09-07,1.0499999523162842,1.0499999523162842,1.0499999523162842,1.0499999523162842,0
2023-09-08,1.0499999523162842,1.0499999523162842,1.0499999523162842,1.0499999523162842,0
2023-09-11,1.0499999523162842,1.0499999523162842,1.0499999523162842,1.0499999523162842,0
2023-09-12,1.0499999523162842,1.0499999523162842,1.0499999523162842,1.0499999523162842,0
2023-09-13,1.0499999523162842,1.0499999523162842,1.0499999523162842,1.0499999523162842,0
2023-09-14,1.0499999523162842,1.0499999523162842,1.0499999523162842,1.0499999523162842,0
2023-09-15,1.0299999713897705,1.0499999523162842,1.0199999809265137,1.0499999523162842,10000
2023-09-18,1.0299999713897705,1.0299999713897705,1.0299999713897705,1.0299999713897705,4000
2023-09-19,1.0499999523162842,1.0499999523162842,1.0299999713897705,1.0299999713897705,10500
2023-09-20,1.0499999523162842,1.0499999523162842,1.0499999523162842,1.0499999523162842,1000
2023-09-21,1.0499999523162842,1.0499999523162842,1.0499999523162842,1.0499999523162842,0
2023-09-22,1.0499999523162842,1.0499999523162842,1.0499999523162842,1.0499999523162842,0
2023-09-25,1.0299999713897705,1.0499999523162842,1.0299999713897705,1.0499999523162842,3400
2023-09-26,1.0499999523162842,1.0499999523162842,1.0499999523162842,1.0499999523162842,0
2023-09-27,1.0499999523162842,1.0499999523162842,1.0499999523162842,1.0499999523162842,0
2023-09-29,1.0499999523162842,1.0499999523162842,1.0499999523162842,1.0499999523162842,0
2023-10-02,1.0499999523162842,1.0499999523162842,1.0499999523162842,1.0499999523162842,0
2023-10-03,1.0299999713897705,1.0499999523162842,1.0299999713897705,1.0499999523162842,4000
2023-10-04,1.0499999523162842,1.0499999523162842,1.0499999523162842,1.0499999523162842,0
2023-10-05,1.0499999523162842,1.0499999523162842,1.0499999523162842,1.0499999523162842,0
2023-10-06,1.0299999713897705,1.0499999523162842,1.0299999713897705,1.0499999523162842,5200
2023-10-09,1.0499999523162842,1.0499999523162842,1.0499999523162842,1.0499999523162842,0
2023-10-10,1.0299999713897705,1.0299999713897705,1.0299999713897705,1.0299999713897705,5000
2023-10-11,1.0299999713897705,1.0299999713897705,1.0299999713897705,1.0299999713897705,0
2023-10-12,1.0299999713897705,1.0299999713897705,1.0,1.0,13500
2023-10-13,1.0,1.0,1.0,1.0,0
2023-10-16,1.0299999713897705,1.0299999713897705,1.0299999713897705,1.0299999713897705,3000
2023-10-17,1.0299999713897705,1.0299999713897705,1.0299999713897705,1.0299999713897705,0
2023-10-18,1.0299999713897705,1.0299999713897705,1.0299999713897705,1.0299999713897705,0
2023-10-19,1.0299999713897705,1.0299999713897705,1.0299999713897705,1.0299999713897705,0
2023-10-20,1.0299999713897705,1.0299999713897705,1.0299999713897705,1.0299999713897705,0
2023-10-23,1.0299999713897705,1.0299999713897705,1.0299999713897705,1.0299999713897705,2000
2023-10-24,1.0299999713897705,1.0299999713897705,1.0299999713897705,1.0299999713897705,0
2023-10-25,1.0299999713897705,1.0299999713897705,1.0299999713897705,1.0299999713897705,0
2023-10-26,1.0399999618530273,1.0399999618530273,1.0399999618530273,1.0399999618530273,2000
2023-10-27,1.0399999618530273,1.0399999618530273,1.0399999618530273,1.0399999618530273,6000
2023-10-30,1.0399999618530273,1.0399999618530273,1.0399999618530273,1.0399999618530273,0
2023-10-31,1.0399999618530273,1.0399999618530273,1.0399999618530273,1.0399999618530273,1200
2023-11-01,1.0399999618530273,1.0399999618530273,1.0399999618530273,1.0399999618530273,0
2023-11-02,1.0399999618530273,1.0399999618530273,1.0399999618530273,1.0399999618530273,0
2023-11-03,1.0399999618530273,1.0399999618530273,1.0399999618530273,1.0399999618530273,0
2023-11-06,1.0399999618530273,1.0399999618530273,1.0399999618530273,1.0399999618530273,0
2023-11-07,1.0399999618530273,1.0399999618530273,1.0399999618530273,1.0399999618530273,0
2023-11-08,1.0399999618530273,1.0399999618530273,1.0399999618530273,1.0399999618530273,0
2023-11-09,1.0399999618530273,1.0399999618530273,1.0399999618530273,1.0399999618530273,0
2023-11-10,1.0399999618530273,1.0399999618530273,1.0399999618530273,1.0399999618530273,0
2023-11-14,1.0399999618530273,1.0399999618530273,1.0399999618530273,1.0399999618530273,0
2023-11-15,1.0399999618530273,1.0399999618530273,1.0399999618530273,1.0399999618530273,0
2023-11-16,1.0399999618530273,1.0399999618530273,1.0399999618530273,1.0399999618530273,1000
2023-11-17,1.0399999618530273,1.0399999618530273,1.0399999618530273,1.0399999618530273,0
2023-11-20,1.0399999618530273,1.0399999618530273,1.0399999618530273,1.0399999618530273,0
2023-11-21,1.0399999618530273,1.0399999618530273,1.0399999618530273,1.0399999618530273,2500
2023-11-22,1.0399999618530273,1.0399999618530273,1.0399999618530273,1.0399999618530273,0
2023-11-23,1.0399999618530273,1.0399999618530273,1.0399999618530273,1.0399999618530273,0
2023-11-24,1.0399999618530273,1.0399999618530273,1.0399999618530273,1.0399999618530273,0
2023-11-27,1.0399999618530273,1.0399999618530273,1.0399999618530273,1.0399999618530273,0
2023-11-28,1.0399999618530273,1.0399999618530273,1.0399999618530273,1.0399999618530273,5700
2023-11-29,1.0399999618530273,1.0399999618530273,1.0399999618530273,1.0399999618530273,0
2023-11-30,1.0399999618530273,1.0399999618530273,1.0399999618530273,1.0399999618530273,0
2023-12-01,1.0399999618530273,1.0399999618530273,1.0399999618530273,1.0399999618530273,0
2023-12-04,1.0399999618530273,1.0399999618530273,1.0399999618530273,1.0399999618530273,0
2023-12-05,1.0399999618530273,1.0399999618530273,1.0399999618530273,1.0399999618530273,0
2023-12-06,1.0399999618530273,1.0399999618530273,1.0399999618530273,1.0399999618530273,3000
2023-12-07,1.0399999618530273,1.0399999618530273,1.0399999618530273,1.0399999618530273,5000
2023-12-08,1.0299999713897705,1.0299999713897705,1.0099999904632568,1.0199999809265137,20000
2023-12-11,1.0199999809265137,1.0199999809265137,1.0199999809265137,1.0199999809265137,0
2023-12-12,1.0199999809265137,1.0199999809265137,1.0199999809265137,1.0199999809265137,0
2023-12-13,1.0299999713897705,1.0299999713897705,1.0199999809265137,1.0199999809265137,6200
2023-12-14,1.0199999809265137,1.0199999809265137,1.0199999809265137,1.0199999809265137,0
2023-12-15,1.0199999809265137,1.0199999809265137,1.0199999809265137,1.0199999809265137,0
2023-12-18,1.0199999809265137,1.0199999809265137,1.0199999809265137,1.0199999809265137,0
2023-12-19,1.0399999618530273,1.0399999618530273,1.0399999618530273,1.0399999618530273,6000
2023-12-20,1.0299999713897705,1.0299999713897705,1.0299999713897705,1.0299999713897705,3100
2023-12-21,1.0299999713897705,1.0299999713897705,1.0299999713897705,1.0299999713897705,0
2023-12-22,1.0199999809265137,1.0199999809265137,1.0199999809265137,1.0199999809265137,5000
2023-12-26,1.0199999809265137,1.0199999809265137,1.0199999809265137,1.0199999809265137,2000
2023-12-27,1.0199999809265137,1.0199999809265137,1.0199999809265137,1.0199999809265137,0
2023-12-28,1.0199999809265137,1.0199999809265137,1.0199999809265137,1.0199999809265137,0
2023-12-29,1.0199999809265137,1.0199999809265137,1.0199999809265137,1.0199999809265137,0
2024-01-02,1.0199999809265137,1.0299999713897705,1.0199999809265137,1.0299999713897705,2000
2024-01-03,1.0299999713897705,1.0399999618530273,1.0199999809265137,1.0399999618530273,12500
2024-01-04,1.0399999618530273,1.0499999523162842,1.0399999618530273,1.0499999523162842,4000
2024-01-05,1.0499999523162842,1.0499999523162842,1.0499999523162842,1.0499999523162842,0
2024-01-08,1.0499999523162842,1.0499999523162842,1.0499999523162842,1.0499999523162842,0
2024-01-09,1.0499999523162842,1.0499999523162842,1.0499999523162842,1.0499999523162842,0
2024-01-10,1.0499999523162842,1.0499999523162842,1.0499999523162842,1.0499999523162842,0
2024-01-11,1.0499999523162842,1.0499999523162842,1.0499999523162842,1.0499999523162842,0
2024-01-12,1.0499999523162842,1.0499999523162842,1.0499999523162842,1.0499999523162842,0
2024-01-15,1.0499999523162842,1.0499999523162842,1.0499999523162842,1.0499999523162842,0
2024-01-16,1.0499999523162842,1.0499999523162842,1.0499999523162842,1.0499999523162842,0
2024-01-17,1.0499999523162842,1.0499999523162842,1.0499999523162842,1.0499999523162842,0
2024-01-18,1.0499999523162842,1.0499999523162842,1.0499999523162842,1.0499999523162842,0
2024-01-19,1.0499999523162842,1.0499999523162842,1.0499999523162842,1.0499999523162842,0
2024-01-22,1.0199999809265137,1.0499999523162842,1.0199999809265137,1.0499999523162842,3200
2024-01-23,1.0499999523162842,1.0499999523162842,1.0499999523162842,1.0499999523162842,0
2024-01-24,1.0299999713897705,1.0499999523162842,1.0299999713897705,1.0499999523162842,2200
2024-01-26,1.0800000429153442,1.0800000429153442,1.0800000429153442,1.0800000429153442,3000
2024-01-29,1.0800000429153442,1.0800000429153442,1.0800000429153442,1.0800000429153442,0
2024-01-30,1.0800000429153442,1.100000023841858,1.0800000429153442,1.100000023841858,5000
2024-01-31,1.0800000429153442,1.0800000429153442,1.0800000429153442,1.0800000429153442,6000
2024-02-02,1.0800000429153442,1.0800000429153442,1.0800000429153442,1.0800000429153442,2000
2024-02-05,1.0800000429153442,1.0800000429153442,1.0800000429153442,1.0800000429153442,2100
2024-02-06,1.0800000429153442,1.0800000429153442,1.0800000429153442,1.0800000429153442,0
2024-02-07,1.0499999523162842,1.0499999523162842,1.0499999523162842,1.0499999523162842,1600
2024-02-08,1.0499999523162842,1.0499999523162842,1.0499999523162842,1.0499999523162842,0
2024-02-09,1.0499999523162842,1.0499999523162842,1.0499999523162842,1.0499999523162842,0
2024-02-13,1.0499999523162842,1.0499999523162842,1.0499999523162842,1.0499999523162842,0
2024-02-14,1.0800000429153442,1.0800000429153442,1.0800000429153442,1.0800000429153442,2000
2024-02-15,1.0499999523162842,1.0800000429153442,1.0499999523162842,1.0800000429153442,8000
2024-02-16,1.0800000429153442,1.0800000429153442,1.0800000429153442,1.0800000429153442,0
2024-02-19,1.0800000429153442,1.0800000429153442,1.0800000429153442,1.0800000429153442,0
2024-02-20,1.0800000429153442,1.0800000429153442,1.0800000429153442,1.0800000429153442,2000
2024-02-21,1.0700000524520874,1.0700000524520874,1.0499999523162842,1.0499999523162842,6000
2024-02-22,1.0499999523162842,1.0499999523162842,1.0499999523162842,1.0499999523162842,6700
2024-02-23,1.0499999523162842,1.0499999523162842,1.0499999523162842,1.0499999523162842,700
2024-02-26,1.0299999713897705,1.0299999713897705,1.0299999713897705,1.0299999713897705,7000
2024-02-27,1.0299999713897705,1.0299999713897705,1.0299999713897705,1.0299999713897705,2000
2024-02-28,1.0299999713897705,1.0299999713897705,1.0299999713897705,1.0299999713897705,0
2024-02-29,1.0299999713897705,1.0299999713897705,1.0299999713897705,1.0299999713897705,0
2024-03-01,1.0299999713897705,1.0299999713897705,1.0299999713897705,1.0299999713897705,0
2024-03-04,1.0299999713897705,1.0299999713897705,1.0299999713897705,1.0299999713897705,0
2024-03-05,1.0299999713897705,1.0299999713897705,1.0299999713897705,1.0299999713897705,0
2024-03-06,1.0299999713897705,1.0299999713897705,1.0299999713897705,1.0299999713897705,0
2024-03-07,1.0299999713897705,1.0299999713897705,1.0299999713897705,1.0299999713897705,1000
2024-03-08,1.0299999713897705,1.0299999713897705,1.0299999713897705,1.0299999713897705,0
2024-03-11,1.0299999713897705,1.0499999523162842,1.0199999809265137,1.0499999523162842,4500
2024-03-12,1.0499999523162842,1.0499999523162842,1.0499999523162842,1.0499999523162842,0
2024-03-13,1.0199999809265137,1.0499999523162842,1.0099999904632568,1.0499999523162842,3200
2024-03-14,1.0499999523162842,1.0499999523162842,1.0499999523162842,1.0499999523162842,0
2024-03-15,1.0499999523162842,1.0499999523162842,1.0499999523162842,1.0499999523162842,0
2024-03-18,1.0499999523162842,1.0499999523162842,1.0499999523162842,1.0499999523162842,0
2024-03-19,1.0199999809265137,1.0499999523162842,1.0199999809265137,1.0499999523162842,2000
2024-03-20,1.0499999523162842,1.0499999523162842,1.0499999523162842,1.0499999523162842,0
2024-03-21,1.0499999523162842,1.0499999523162842,1.0499999523162842,1.0499999523162842,0
2024-03-22,1.0499999523162842,1.0499999523162842,1.0499999523162842,1.0499999523162842,0
2024-03-25,1.0499999523162842,1.0499999523162842,1.0499999523162842,1.0499999523162842,0
2024-03-26,1.0499999523162842,1.0499999523162842,1.0499999523162842,1.0499999523162842,0
2024-03-27,1.0499999523162842,1.0499999523162842,1.0499999523162842,1.0499999523162842,0
2024-03-29,1.0499999523162842,1.0499999523162842,1.0499999523162842,1.0499999523162842,0
2024-04-01,1.0499999523162842,1.0499999523162842,1.0499999523162842,1.0499999523162842,0
2024-04-02,1.0199999809265137,1.0499999523162842,1.0199999809265137,1.0499999523162842,2000
2024-04-03,1.0499999523162842,1.0499999523162842,1.0499999523162842,1.0499999523162842,0
2024-04-04,1.0199999809265137,1.0499999523162842,1.0199999809265137,1.0499999523162842,3000
2024-04-05,1.0499999523162842,1.0499999523162842,1.0499999523162842,1.0499999523162842,0
2024-04-08,1.0499999523162842,1.0499999523162842,1.0499999523162842,1.0499999523162842,0
2024-04-09,1.0499999523162842,1.0499999523162842,1.0499999523162842,1.0499999523162842,0
2024-04-12,1.0499999523162842,1.0499999523162842,1.0499999523162842,1.0499999523162842,0
2024-04-15,1.0199999809265137,1.0499999523162842,1.0099999904632568,1.0499999523162842,3000
2024-04-16,1.0499999523162842,1.0499999523162842,1.0499999523162842,1.0499999523162842,0
2024-04-17,1.0499999523162842,1.0499999523162842,1.0499999523162842,1.0499999523162842,0
2024-04-18,1.0499999523162842,1.0499999523162842,1.0499999523162842,1.0499999523162842,0
2024-04-19,1.0499999523162842,1.0499999523162842,1.0499999523162842,1.0499999523162842,0
2024-04-22,1.0499999523162842,1.0499999523162842,1.0499999523162842,1.0499999523162842,0
2024-04-23,1.0499999523162842,1.0499999523162842,1.0499999523162842,1.0499999523162842,0
2024-04-24,1.0499999523162842,1.0499999523162842,1.0499999523162842,1.0499999523162842,0
2024-04-25,1.0499999523162842,1.0499999523162842,1.0499999523162842,1.0499999523162842,0
2024-04-26,1.0499999523162842,1.0499999523162842,1.0499999523162842,1.0499999523162842,0
2024-04-29,1.0099999904632568,1.0399999618530273,1.0099999904632568,1.0399999618530273,9000
2024-04-30,1.0399999618530273,1.0399999618530273,1.0399999618530273,1.0399999618530273,0
2024-05-02,1.0199999809265137,1.0499999523162842,1.0099999904632568,1.0099999904632568,14500
2024-05-03,1.0199999809265137,1.1299999952316284,1.0199999809265137,1.1299999952316284,33000
2024-05-06,1.1200000047683716,1.149999976158142,1.100000023841858,1.149999976158142,25000
2024-05-07,1.059999942779541,1.059999942779541,1.0,1.0099999904632568,63800
2024-05-08,1.0099999904632568,1.0099999904632568,1.0,1.0,25900
2024-05-09,1.0,1.0499999523162842,1.0,1.0499999523162842,36000
2024-05-10,1.0499999523162842,1.0800000429153442,1.0499999523162842,1.0800000429153442,28000
2024-05-13,1.0499999523162842,1.0499999523162842,1.0499999523162842,1.0499999523162842,12100
2024-05-14,1.0399999618530273,1.059999942779541,1.0399999618530273,1.059999942779541,36000
2024-05-15,1.059999942779541,1.059999942779541,1.059999942779541,1.059999942779541,48100
2024-05-16,1.0299999713897705,1.0299999713897705,1.0299999713897705,1.0299999713897705,20000
2024-05-17,1.0499999523162842,1.059999942779541,1.0499999523162842,1.059999942779541,30000
2024-05-20,1.059999942779541,1.059999942779541,1.059999942779541,1.059999942779541,0
2024-05-21,1.0700000524520874,1.0700000524520874,1.0700000524520874,1.0700000524520874,34200
2024-05-23,1.0700000524520874,1.0700000524520874,1.0700000524520874,1.0700000524520874,0
2024-05-24,1.0700000524520874,1.0700000524520874,1.0700000524520874,1.0700000524520874,0
2024-05-27,1.059999942779541,1.059999942779541,1.059999942779541,1.059999942779541,80000
2024-05-28,1.059999942779541,1.059999942779541,1.059999942779541,1.059999942779541,0
2024-05-29,1.059999942779541,1.059999942779541,1.059999942779541,1.059999942779541,0
2024-05-30,1.0399999618530273,1.0399999618530273,1.0399999618530273,1.0399999618530273,70000
2024-05-31,1.0399999618530273,1.0399999618530273,1.0399999618530273,1.0399999618530273,0
2024-06-04,1.0299999713897705,1.0299999713897705,1.0299999713897705,1.0299999713897705,30000
2024-06-05,1.0700000524520874,1.0700000524520874,1.0700000524520874,1.0700000524520874,40000
2024-06-06,1.0700000524520874,1.0700000524520874,1.0700000524520874,1.0700000524520874,0
2024-06-07,1.059999942779541,1.059999942779541,1.059999942779541,1.059999942779541,30000
2024-06-10,1.0700000524520874,1.0700000524520874,1.0499999523162842,1.0499999523162842,40000
2024-06-11,1.0099999904632568,1.0499999523162842,1.0099999904632568,1.0499999523162842,31000
2024-06-12,0.9700000286102295,1.059999942779541,0.9700000286102295,1.0499999523162842,26600
2024-06-13,1.059999942779541,1.059999942779541,1.059999942779541,1.059999942779541,40000
2024-06-14,1.0499999523162842,1.0499999523162842,1.0499999523162842,1.0499999523162842,30400
2024-06-18,1.059999942779541,1.059999942779541,1.0399999618530273,1.059999942779541,68000
2024-06-19,1.0,1.0,1.0,1.0,11500
2024-06-20,1.0099999904632568,1.0199999809265137,1.0099999904632568,1.0199999809265137,33400
2024-06-21,1.0299999713897705,1.059999942779541,1.0299999713897705,1.059999942779541,84500
2024-06-24,1.059999942779541,1.059999942779541,1.059999942779541,1.059999942779541,0
2024-06-25,1.0,1.059999942779541,1.0,1.059999942779541,45400
2024-06-26,1.0399999618530273,1.059999942779541,1.0399999618530273,1.059999942779541,79000
2024-06-27,1.0499999523162842,1.0499999523162842,1.0499999523162842,1.0499999523162842,40000
2024-06-28,1.0099999904632568,1.0099999904632568,1.0,1.0,6200
2024-07-01,1.0299999713897705,1.0700000524520874,1.0299999713897705,1.059999942779541,105700
2024-07-02,1.0499999523162842,1.059999942779541,1.0099999904632568,1.0199999809265137,56900
2024-07-03,1.0399999618530273,1.0399999618530273,1.0399999618530273,1.0399999618530273,1000
2024-07-04,1.0399999618530273,1.059999942779541,1.0399999618530273,1.059999942779541,110700
2024-07-05,1.059999942779541,1.059999942779541,1.059999942779541,1.059999942779541,45000
2024-07-09,1.0700000524520874,1.0700000524520874,1.0700000524520874,1.0700000524520874,113200
2024-07-10,1.0800000429153442,1.0800000429153442,1.0800000429153442,1.0800000429153442,9000
2024-07-11,1.0700000524520874,1.0700000524520874,1.0700000524520874,1.0700000524520874,45000
2024-07-12,1.059999942779541,1.0700000524520874,1.0199999809265137,1.0199999809265137,129200
2024-07-15,1.0099999904632568,1.0099999904632568,1.0099999904632568,1.0099999904632568,7000
2024-07-16,1.0299999713897705,1.059999942779541,1.0299999713897705,1.059999942779541,67500
2024-07-17,1.0700000524520874,1.0800000429153442,1.0700000524520874,1.0800000429153442,127200
2024-07-18,1.0199999809265137,1.0199999809265137,1.0199999809265137,1.0199999809265137,5400
2024-07-19,1.0199999809265137,1.0499999523162842,1.0199999809265137,1.0499999523162842,78500
2024-07-22,1.059999942779541,1.090000033378601,1.059999942779541,1.090000033378601,144100
2024-07-23,1.100000023841858,1.100000023841858,1.0299999713897705,1.100000023841858,92100
2024-07-24,1.090000033378601,1.100000023841858,1.0800000429153442,1.100000023841858,85000
2024-07-25,1.0800000429153442,1.0800000429153442,1.0499999523162842,1.0499999523162842,63400
2024-07-26,1.0499999523162842,1.0800000429153442,1.0499999523162842,1.0800000429153442,90000
2024-07-29,1.0800000429153442,1.090000033378601,1.0800000429153442,1.090000033378601,94800
2024-07-30,1.090000033378601,1.100000023841858,1.090000033378601,1.100000023841858,85000
2024-07-31,1.0800000429153442,1.0800000429153442,1.0800000429153442,1.0800000429153442,90000
2024-08-01,1.0800000429153442,1.0800000429153442,1.0700000524520874,1.0800000429153442,97800
2024-08-02,1.0800000429153442,1.090000033378601,1.0800000429153442,1.090000033378601,90000
2024-08-05,1.0800000429153442,1.1100000143051147,1.0800000429153442,1.1100000143051147,125000
2024-08-06,1.059999942779541,1.090000033378601,1.0499999523162842,1.0499999523162842,102800
2024-08-07,1.0499999523162842,1.0499999523162842,1.0499999523162842,1.0499999523162842,0
2024-08-08,1.0700000524520874,1.1399999856948853,1.0499999523162842,1.0499999523162842,328300
2024-08-09,1.0700000524520874,1.0700000524520874,1.0700000524520874,1.0700000524520874,52200
2024-08-12,1.0800000429153442,1.090000033378601,1.0800000429153442,1.090000033378601,133000
2024-08-13,1.090000033378601,1.1100000143051147,1.0800000429153442,1.1100000143051147,168000
2024-08-14,1.100000023841858,1.100000023841858,1.100000023841858,1.100000023841858,52200
2024-08-15,1.059999942779541,1.100000023841858,1.059999942779541,1.100000023841858,137100
2024-08-16,1.100000023841858,1.100000023841858,1.100000023841858,1.100000023841858,136500
2024-08-19,1.100000023841858,1.100000023841858,1.100000023841858,1.100000023841858,59300
2024-08-20,1.100000023841858,1.100000023841858,1.100000023841858,1.100000023841858,135000
2024-08-21,1.100000023841858,1.100000023841858,1.100000023841858,1.100000023841858,136500
2024-08-22,1.100000023841858,1.100000023841858,1.100000023841858,1.100000023841858,64300
2024-08-23,1.100000023841858,1.100000023841858,1.100000023841858,1.100000023841858,135000
2024-08-26,1.100000023841858,1.1100000143051147,1.100000023841858,1.1100000143051147,142000
2024-08-27,1.100000023841858,1.100000023841858,1.100000023841858,1.100000023841858,64300
2024-08-28,1.100000023841858,1.100000023841858,1.090000033378601,1.100000023841858,140000
2024-08-29,1.100000023841858,1.100000023841858,1.100000023841858,1.100000023841858,142000
2024-08-30,1.090000033378601,1.1100000143051147,1.090000033378601,1.1100000143051147,67000
2024-09-02,1.100000023841858,1.100000023841858,1.100000023841858,1.100000023841858,140000
2024-09-03,1.100000023841858,1.1100000143051147,1.100000023841858,1.1100000143051147,155300
2024-09-04,1.1100000143051147,1.1100000143051147,1.1100000143051147,1.1100000143051147,136100
2024-09-05,1.1100000143051147,1.1100000143051147,1.100000023841858,1.1100000143051147,152200
2024-09-06,1.1100000143051147,1.1100000143051147,1.1100000143051147,1.1100000143051147,90000
2024-09-09,1.1100000143051147,1.1200000047683716,1.1100000143051147,1.1200000047683716,143000
2024-09-10,1.1100000143051147,1.1100000143051147,1.1100000143051147,1.1100000143051147,152200
2024-09-11,1.1100000143051147,1.1100000143051147,1.1100000143051147,1.1100000143051147,93000
2024-09-12,1.1100000143051147,1.1100000143051147,1.100000023841858,1.1100000143051147,148000
2024-09-13,1.1100000143051147,1.1100000143051147,1.1100000143051147,1.1100000143051147,152200
2024-09-17,1.1100000143051147,1.1100000143051147,1.1100000143051147,1.1100000143051147,98000
2024-09-18,1.1100000143051147,1.1200000047683716,1.1100000143051147,1.1200000047683716,166000
2024-09-19,1.1100000143051147,1.1200000047683716,1.1100000143051147,1.1200000047683716,167200
2024-09-20,1.100000023841858,1.1100000143051147,1.100000023841858,1.1100000143051147,104000
2024-09-23,1.100000023841858,1.1200000047683716,1.100000023841858,1.1200000047683716,170400
2024-09-24,1.1200000047683716,1.1200000047683716,1.1200000047683716,1.1200000047683716,167200
2024-09-25,1.1100000143051147,1.1200000047683716,1.1100000143051147,1.1200000047683716,105000
2024-09-26,1.1200000047683716,1.1299999952316284,1.1200000047683716,1.1299999952316284,177600
2024-09-27,1.1299999952316284,1.1399999856948853,1.1299999952316284,1.1399999856948853,168200
2024-09-30,1.1200000047683716,1.1299999952316284,1.1200000047683716,1.1299999952316284,120000
2024-10-01,1.1299999952316284,1.1299999952316284,1.1299999952316284,1.1299999952316284,207600
2024-10-02,1.1299999952316284,1.149999976158142,1.1299999952316284,1.149999976158142,177200
2024-10-03,1.1399999856948853,1.159999966621399,1.1399999856948853,1.159999966621399,130500
2024-10-04,1.1699999570846558,1.1799999475479126,1.159999966621399,1.159999966621399,215300
2024-10-07,1.149999976158142,1.149999976158142,1.100000023841858,1.1100000143051147,192200
2024-10-08,1.1399999856948853,1.149999976158142,1.1399999856948853,1.149999976158142,133500
2024-10-09,1.149999976158142,1.159999966621399,1.149999976158142,1.159999966621399,217100
2024-10-10,1.159999966621399,1.159999966621399,1.159999966621399,1.159999966621399,184900
2024-10-11,1.159999966621399,1.159999966621399,1.149999976158142,1.159999966621399,136500
2024-10-14,1.149999976158142,1.1699999570846558,1.1100000143051147,1.1100000143051147,244300
2024-10-15,1.1399999856948853,1.1699999570846558,1.1399999856948853,1.1699999570846558,198900
2024-10-16,1.1699999570846558,1.1699999570846558,1.1699999570846558,1.1699999570846558,143000
2024-10-17,1.1699999570846558,1.1799999475479126,1.1699999570846558,1.1699999570846558,241200
2024-10-18,1.1699999570846558,1.1799999475479126,1.1699999570846558,1.1799999475479126,213600
2024-10-21,1.1799999475479126,1.1799999475479126,1.1799999475479126,1.1799999475479126,172800
2024-10-22,1.1799999475479126,1.190000057220459,1.1799999475479126,1.190000057220459,222000
2024-10-23,1.1799999475479126,1.190000057220459,1.1799999475479126,1.190000057220459,205000
2024-10-24,1.1699999570846558,1.190000057220459,1.1699999570846558,1.190000057220459,182000
2024-10-25,1.190000057220459,1.2000000476837158,1.1100000143051147,1.1200000047683716,258400
2024-10-28,1.149999976158142,1.190000057220459,1.149999976158142,1.190000057220459,225500
2024-10-29,1.190000057220459,1.2000000476837158,1.190000057220459,1.2000000476837158,186000
2024-10-30,1.1799999475479126,1.1799999475479126,1.0800000429153442,1.0800000429153442,310700
2024-11-01,1.1200000047683716,1.149999976158142,1.1200000047683716,1.149999976158142,282000
2024-11-04,1.149999976158142,1.159999966621399,1.0800000429153442,1.0800000429153442,189100
2024-11-05,1.1200000047683716,1.149999976158142,1.1200000047683716,1.149999976158142,233000
2024-11-06,1.149999976158142,1.159999966621399,1.0800000429153442,1.0800000429153442,346000
2024-11-07,1.0800000429153442,1.1399999856948853,1.0800000429153442,1.090000033378601,257900
2024-11-08,1.1200000047683716,1.1200000047683716,1.1100000143051147,1.1200000047683716,246400
2024-11-11,1.1200000047683716,1.1200000047683716,1.100000023841858,1.100000023841858,324200
2024-11-12,1.1299999952316284,1.1399999856948853,1.090000033378601,1.090000033378601,245300
2024-11-13,1.1299999952316284,1.1399999856948853,1.1299999952316284,1.1399999856948853,278900
2024-11-14,1.1299999952316284,1.1399999856948853,1.1299999952316284,1.1399999856948853,303500
2024-11-15,1.1299999952316284,1.1399999856948853,1.1299999952316284,1.1399999856948853,249000
2024-11-18,1.1299999952316284,1.1399999856948853,1.1299999952316284,1.1399999856948853,53500
2024-11-19,1.1299999952316284,1.149999976158142,1.100000023841858,1.100000023841858,304100
2024-11-20,1.100000023841858,1.149999976158142,1.100000023841858,1.1399999856948853,277300
2024-11-21,1.1399999856948853,1.149999976158142,1.1399999856948853,1.149999976158142,277000
2024-11-22,1.1399999856948853,1.149999976158142,1.1399999856948853,1.149999976158142,308000
2024-11-25,1.1399999856948853,1.149999976158142,1.1399999856948853,1.149999976158142,268000
2024-11-26,1.149999976158142,1.149999976158142,1.1200000047683716,1.1399999856948853,1826000
2024-11-27,1.1100000143051147,1.159999966621399,1.1100000143051147,1.159999966621399,312000
2024-11-28,1.1399999856948853,1.1399999856948853,1.1100000143051147,1.1100000143051147,285700
2024-11-29,1.1299999952316284,1.1399999856948853,1.1299999952316284,1.1399999856948853,298200
2024-12-02,1.1299999952316284,1.1299999952316284,1.100000023841858,1.100000023841858,311200
2024-12-03,1.1200000047683716,1.1299999952316284,1.100000023841858,1.100000023841858,883500
2024-12-04,1.100000023841858,1.100000023841858,1.100000023841858,1.100000023841858,0
2024-12-05,1.100000023841858,1.100000023841858,1.100000023841858,1.100000023841858,0
2024-12-06,1.100000023841858,1.100000023841858,1.100000023841858,1.100000023841858,0
2024-12-09,1.100000023841858,1.100000023841858,1.100000023841858,1.100000023841858,0
2024-12-10,1.100000023841858,1.100000023841858,1.100000023841858,1.100000023841858,0
2024-12-11,1.100000023841858,1.100000023841858,1.100000023841858,1.100000023841858,0
2024-12-12,1.100000023841858,1.100000023841858,1.100000023841858,1.100000023841858,0
2024-12-13,1.100000023841858,1.100000023841858,1.100000023841858,1.100000023841858,0
2024-12-16,1.0299999713897705,1.0800000429153442,1.0299999713897705,1.0800000429153442,4000
2024-12-17,1.0800000429153442,1.0800000429153442,1.0800000429153442,1.0800000429153442,0
2024-12-18,1.0299999713897705,1.059999942779541,1.0,1.0299999713897705,10000
2024-12-19,1.0299999713897705,1.0299999713897705,1.0299999713897705,1.0299999713897705,300
2024-12-20,1.0299999713897705,1.1299999952316284,1.0299999713897705,1.1299999952316284,3500
2024-12-23,1.1299999952316284,1.1299999952316284,1.1299999952316284,1.1299999952316284,0
2024-12-24,1.0499999523162842,1.0499999523162842,1.0299999713897705,1.0299999713897705,203000
2024-12-26,1.0299999713897705,1.0299999713897705,1.0299999713897705,1.0299999713897705,0
2024-12-27,1.059999942779541,1.059999942779541,1.0299999713897705,1.0299999713897705,206000
2024-12-30,1.0399999618530273,1.0399999618530273,1.0399999618530273,1.0399999618530273,3000
2024-12-31,1.0399999618530273,1.0399999618530273,1.0399999618530273,1.0399999618530273,0
2025-01-02,1.0399999618530273,1.0399999618530273,1.0399999618530273,1.0399999618530273,0
2025-01-03,1.0,1.0099999904632568,1.0,1.0099999904632568,7400
2025-01-06,1.0099999904632568,1.0099999904632568,1.0099999904632568,1.0099999904632568,0
2025-01-07,1.0099999904632568,1.0099999904632568,1.0099999904632568,1.0099999904632568,0
2025-01-08,1.0099999904632568,1.0099999904632568,1.0099999904632568,1.0099999904632568,0
2025-01-09,1.0099999904632568,1.0099999904632568,1.0,1.0099999904632568,5200
2025-01-10,1.0,1.0,1.0,1.0,2000
2025-01-13,1.0,1.0,1.0,1.0,100
2025-01-14,1.0,1.0,1.0,1.0,0
2025-01-15,1.0,1.0,1.0,1.0,0
2025-01-16,1.0,1.0,1.0,1.0,0
2025-01-17,1.0,1.0,1.0,1.0,0
2025-01-20,1.0,1.0,1.0,1.0,0
2025-01-21,1.0,1.0,1.0,1.0,0
2025-01-22,1.0,1.0,1.0,1.0,0
2025-01-23,1.0,1.0,1.0,1.0,0
2025-01-24,1.0,1.0,1.0,1.0,0
2025-01-27,1.0,1.0,1.0,1.0,0
2025-01-28,1.0,1.0,1.0,1.0,0
2025-01-31,1.0,1.0,1.0,1.0,0
2025-02-03,1.0,1.0,1.0,1.0,0
2025-02-04,1.0,1.0,1.0,1.0,0
2025-02-05,1.0,1.0,1.0,1.0,0
2025-02-06,1.0,1.0,1.0,1.0,0
2025-02-07,1.0,1.0,1.0,1.0,300
2025-02-10,1.0,1.0,1.0,1.0,0
2025-02-12,1.0,1.0,1.0,1.0,0
2025-02-13,1.0,1.0,1.0,1.0,2000
2025-02-14,1.0,1.0,1.0,1.0,0
2025-02-17,1.0,1.0,1.0,1.0,0
2025-02-18,1.0,1.0,1.0,1.0,2500
2025-02-19,1.0,1.0,1.0,1.0,0
2025-02-20,1.0,1.0,1.0,1.0,0
2025-02-21,1.0,1.0,1.0,1.0,1500
2025-02-24,0.9800000190734863,1.0,0.9800000190734863,1.0,5500
2025-02-25,1.0,1.0,1.0,1.0,0
2025-02-26,1.0,1.0,1.0,1.0,0
2025-02-27,1.0,1.0,1.0,1.0,0
2025-02-28,1.0,1.0,1.0,1.0,0
2025-03-03,1.0,1.0,1.0,1.0,0
2025-03-04,1.0,1.0,1.0,1.0,0
2025-03-05,1.0,1.0,1.0,1.0,0
2025-03-06,1.0,1.0,1.0,1.0,0
2025-03-07,1.0,1.0,1.0,1.0,0
2025-03-10,1.0,1.0,1.0,1.0,0
2025-03-11,1.0,1.0,1.0,1.0,0
2025-03-12,1.0,1.0,1.0,1.0,0
2025-03-13,1.0,1.0,1.0,1.0,0
2025-03-14,1.0,1.0,1.0,1.0,0
2025-03-17,1.0,1.0,1.0,1.0,0
2025-03-19,1.0,1.0,1.0,1.0,0
2025-03-20,1.0,1.0,1.0,1.0,2000
2025-03-21,1.0,1.0,1.0,1.0,0
2025-03-24,1.0,1.0,1.0,1.0,2700
2025-03-25,1.0,1.0,1.0,1.0,0
2025-03-26,1.0,1.0,1.0,1.0,0
2025-03-27,1.0,1.0,1.0,1.0,0
2025-03-28,1.0,1.0,1.0,1.0,0
2025-04-02,1.0,1.0,1.0,1.0,1200
2025-04-03,1.0,1.0,1.0,1.0,0
2025-04-04,1.0,1.0,1.0,1.0,0
2025-04-07,1.0,1.0,1.0,1.0,0
2025-04-08,1.0,1.0,1.0,1.0,0
2025-04-09,1.0,1.0,1.0,1.0,3500
2025-04-10,1.0,1.0,1.0,1.0,0
2025-04-11,1.0,1.0,1.0,1.0,0
2025-04-14,1.0,1.0,1.0,1.0,0
2025-04-15,1.0,1.0,1.0,1.0,0
2025-04-16,1.0,1.0,1.0,1.0,0
2025-04-17,1.0,1.0,1.0,1.0,11600
2025-04-18,1.0,1.0,1.0,1.0,0
2025-04-21,1.0,1.0,1.0,1.0,0
2025-04-22,1.0,1.0,1.0,1.0,0
2025-04-23,1.0,1.0,1.0,1.0,0
2025-04-24,1.0,1.0,1.0,1.0,0
2025-04-25,1.0,1.0,1.0,1.0,0
2025-04-28,1.0,1.0,1.0,1.0,0
2025-04-29,1.0,1.0,1.0,1.0,0
2025-04-30,1.0,1.0,1.0,1.0,0
2025-05-02,1.0,1.0,1.0,1.0,0
2025-05-05,1.0,1.0,1.0,1.0,0
2025-05-06,1.0,1.0,1.0,1.0,0
2025-05-07,1.0,1.0,1.0,1.0,0
2025-05-08,1.0,1.0,1.0,1.0,0
2025-05-09,1.0,1.0,1.0,1.0,0
2025-05-13,1.0,1.0,1.0,1.0,0
2025-05-14,1.0,1.0,1.0,1.0,0
2025-05-15,1.0,1.0,1.0,1.0,0
2025-05-16,1.0,1.0,1.0,1.0,0
2025-05-19,1.0,1.0,1.0,1.0,0
2025-05-20,1.0,1.0,1.0,1.0,0
2025-05-21,1.0,1.0,1.0,1.0,0
2025-05-22,1.0,1.0,1.0,1.0,0
2025-05-23,1.0,1.0,1.0,1.0,0
2025-05-26,1.0,1.0,1.0,1.0,0
2025-05-27,1.0,1.0,1.0,1.0,0
2025-05-28,1.0,1.0,1.0,1.0,0
2025-05-29,0.9300000071525574,0.9850000143051147,0.9300000071525574,0.9399999976158142,8800
2025-05-30,0.9399999976158142,0.9399999976158142,0.9399999976158142,0.9399999976158142,0
2025-06-03,0.9950000047683716,1.0,0.9950000047683716,1.0,2400
2025-06-04,1.0,1.0,1.0,1.0,0
2025-06-05,1.0,1.0,1.0,1.0,0
2025-06-06,1.0,1.0,1.0,1.0,0
2025-06-09,1.0,1.0,1.0,1.0,0
2025-06-10,1.0,1.0,1.0,1.0,0
2025-06-11,1.0,1.0,1.0,1.0,0
2025-06-12,1.0,1.0,1.0,1.0,0
2025-06-13,1.0,1.0,1.0,1.0,0
2025-06-16,1.0,1.0,1.0,1.0,0
2025-06-17,1.0,1.0,1.0,1.0,0
2025-06-18,1.0,1.0,1.0,1.0,0
2025-06-19,1.0,1.0,1.0,1.0,0
2025-06-20,1.0,1.0,1.0,1.0,0
2025-06-23,1.0,1.0,1.0,1.0,0
2025-06-24,1.0,1.0,1.0,1.0,0
2025-06-25,1.0,1.0,1.0,1.0,0
2025-06-26,1.0,1.0,1.0,1.0,0
2025-06-30,1.0,1.0,1.0,1.0,0
2025-07-01,1.0,1.0,1.0,1.0,0
2025-07-02,1.0,1.0,1.0,1.0,0
2025-07-03,1.0,1.0,1.0,1.0,0
2025-07-04,1.0,1.0,1.0,1.0,0
2025-07-07,1.0,1.0,1.0,1.0,0
2025-07-08,1.0,1.0,1.0,1.0,0
2025-07-09,1.0,1.0,1.0,1.0,0
2025-07-10,1.0,1.0,1.0,1.0,0
2025-07-11,1.0,1.0,1.0,1.0,0
2025-07-14,1.0,1.0,1.0,1.0,0
2025-07-15,1.0,1.0,1.0,1.0,0
2025-07-16,1.0,1.0,1.0,1.0,0
2025-07-17,1.0,1.0,1.0,1.0,0
2025-07-18,1.0,1.0,1.0,1.0,0
2025-07-21,1.0,1.0,1.0,1.0,0
2025-07-22,1.0,1.0,1.0,1.0,0
2025-07-23,1.0,1.0,1.0,1.0,0
2025-07-24,1.0,1.0,1.0,1.0,0
2025-07-25,1.0,1.0,1.0,1.0,0
2025-07-28,1.0,1.0,1.0,1.0,0
2025-07-29,1.0,1.0,1.0,1.0,0
2025-07-30,1.0,1.0,1.0,1.0,0
2025-07-31,1.0,1.0,1.0,1.0,0
2025-08-01,1.0,1.0,1.0,1.0,0
2025-08-04,1.0,1.0,1.0,1.0,0
2025-08-05,1.0,1.0,1.0,1.0,0
2025-08-06,1.0,1.0,1.0,1.0,0
2025-08-07,1.0,1.0,1.0,1.0,0
2025-08-08,1.0,1.0,1.0,1.0,0
2025-08-11,1.0,1.0,1.0,1.0,0
2025-08-12,1.0,1.0,1.0,1.0,0
2025-08-13,1.0,1.0,1.0,1.0,0
2025-08-14,1.0,1.0,1.0,1.0,0
2025-08-15,1.0,1.0,1.0,1.0,0
2025-08-18,1.0,1.0,1.0,1.0,0
2025-08-19,1.0,1.0,1.0,1.0,0
2025-08-20,1.0,1.0,1.0,1.0,0
2025-08-21,1.0,1.0,1.0,1.0,0
2025-08-22,1.0,1.0,1.0,1.0,0
2025-08-25,1.0,1.0,1.0,1.0,0
2025-08-26,1.0,1.0,1.0,1.0,0
2025-08-27,1.0,1.0,1.0,1.0,0
2025-08-28,1.0,1.0,1.0,1.0,0
2025-08-29,1.0,1.0,1.0,1.0,0
2025-09-01,1.0,1.0,1.0,1.0,0
2025-09-02,1.0,1.0,1.0,1.0,0
,7055.KL,7055.KL,7055.KL,7055.KL,7055.KL
