Date,Open,High,Low,Close,Volume
,0068.KL,0068.KL,0068.KL,0068.KL,0068.KL
2020-08-03,0.12999999523162842,0.13500000536441803,0.125,0.12999999523162842,903800
2020-08-04,0.13500000536441803,0.14499999582767487,0.13500000536441803,0.14000000059604645,1738800
2020-08-05,0.13500000536441803,0.1599999964237213,0.13500000536441803,0.1599999964237213,3195700
2020-08-06,0.17499999701976776,0.1850000023841858,0.16500000655651093,0.1850000023841858,5326700
2020-08-07,0.19499999284744263,0.2150000035762787,0.18000000715255737,0.1850000023841858,4666300
2020-08-10,0.1850000023841858,0.20000000298023224,0.17000000178813934,0.18000000715255737,1475600
2020-08-11,0.18000000715255737,0.18000000715255737,0.16500000655651093,0.17499999701976776,561200
2020-08-12,0.17499999701976776,0.17499999701976776,0.15000000596046448,0.16500000655651093,545200
2020-08-13,0.1599999964237213,0.1599999964237213,0.1550000011920929,0.1599999964237213,669300
2020-08-14,0.1599999964237213,0.1599999964237213,0.14000000059604645,0.1550000011920929,1232300
2020-08-17,0.1550000011920929,0.1550000011920929,0.15000000596046448,0.1550000011920929,490700
2020-08-18,0.1550000011920929,0.1550000011920929,0.15000000596046448,0.1550000011920929,1169900
2020-08-19,0.15000000596046448,0.16500000655651093,0.15000000596046448,0.16500000655651093,574400
2020-08-21,0.17000000178813934,0.2199999988079071,0.17000000178813934,0.20999999344348907,8945000
2020-08-24,0.2150000035762787,0.26499998569488525,0.2150000035762787,0.23499999940395355,7130600
2020-08-25,0.23499999940395355,0.24500000476837158,0.2199999988079071,0.23000000417232513,3293500
2020-08-26,0.23000000417232513,0.23499999940395355,0.20499999821186066,0.23000000417232513,2940100
2020-08-27,0.23499999940395355,0.25,0.2199999988079071,0.23499999940395355,1211800
2020-08-28,0.2199999988079071,0.23499999940395355,0.20499999821186066,0.23000000417232513,1083100
2020-09-01,0.22499999403953552,0.22499999403953552,0.20999999344348907,0.2199999988079071,1310000
2020-09-02,0.22499999403953552,0.22499999403953552,0.2150000035762787,0.2199999988079071,942000
2020-09-03,0.20999999344348907,0.23000000417232513,0.20499999821186066,0.2199999988079071,1336700
2020-09-04,0.20999999344348907,0.23499999940395355,0.20999999344348907,0.23000000417232513,1017200
2020-09-07,0.23499999940395355,0.25,0.22499999403953552,0.22499999403953552,2369200
2020-09-08,0.23000000417232513,0.23499999940395355,0.20000000298023224,0.20000000298023224,805900
2020-09-09,0.1899999976158142,0.20000000298023224,0.1899999976158142,0.19499999284744263,253400
2020-09-10,0.20000000298023224,0.2150000035762787,0.18000000715255737,0.18000000715255737,3328300
2020-09-11,0.1599999964237213,0.20499999821186066,0.1599999964237213,0.20000000298023224,1877700
2020-09-14,0.20000000298023224,0.23499999940395355,0.20000000298023224,0.23000000417232513,2146600
2020-09-15,0.23499999940395355,0.23499999940395355,0.20999999344348907,0.2199999988079071,444700
2020-09-17,0.20499999821186066,0.2199999988079071,0.19499999284744263,0.2150000035762787,439900
2020-09-18,0.20999999344348907,0.23499999940395355,0.20999999344348907,0.22499999403953552,2214000
2020-09-21,0.22499999403953552,0.23000000417232513,0.20999999344348907,0.20999999344348907,436100
2020-09-22,0.22499999403953552,0.22499999403953552,0.20999999344348907,0.2150000035762787,414000
2020-09-23,0.20999999344348907,0.20999999344348907,0.1850000023841858,0.19499999284744263,1231400
2020-09-24,0.1850000023841858,0.20499999821186066,0.17000000178813934,0.17000000178813934,179400
2020-09-25,0.17000000178813934,0.17000000178813934,0.17000000178813934,0.17000000178813934,226300
2020-09-28,0.16500000655651093,0.20499999821186066,0.1599999964237213,0.20000000298023224,8725700
2020-09-29,0.20000000298023224,0.20999999344348907,0.20000000298023224,0.20000000298023224,252000
2020-09-30,0.20000000298023224,0.2150000035762787,0.19499999284744263,0.20000000298023224,628000
2020-10-01,0.17000000178813934,0.20499999821186066,0.17000000178813934,0.20499999821186066,405000
2020-10-02,0.1850000023841858,0.20499999821186066,0.18000000715255737,0.20000000298023224,1907200
2020-10-05,0.20000000298023224,0.20000000298023224,0.20000000298023224,0.20000000298023224,0
2020-10-06,0.20499999821186066,0.20499999821186066,0.1899999976158142,0.20000000298023224,6770000
2020-10-07,0.20499999821186066,0.2150000035762787,0.19499999284744263,0.2150000035762787,816400
2020-10-08,0.2199999988079071,0.2199999988079071,0.2150000035762787,0.2150000035762787,183000
2020-10-09,0.19499999284744263,0.20000000298023224,0.1899999976158142,0.1899999976158142,15000
2020-10-12,0.1899999976158142,0.1899999976158142,0.1899999976158142,0.1899999976158142,1200
2020-10-13,0.17000000178813934,0.20999999344348907,0.17000000178813934,0.20999999344348907,513000
2020-10-14,0.20999999344348907,0.22499999403953552,0.20499999821186066,0.20999999344348907,1399600
2020-10-15,0.20999999344348907,0.2199999988079071,0.20499999821186066,0.2150000035762787,1357000
2020-10-16,0.20999999344348907,0.2199999988079071,0.20999999344348907,0.2199999988079071,925100
2020-10-19,0.20499999821186066,0.20499999821186066,0.20499999821186066,0.20499999821186066,50000
2020-10-20,0.20499999821186066,0.20499999821186066,0.20499999821186066,0.20499999821186066,0
2020-10-21,0.1899999976158142,0.1899999976158142,0.18000000715255737,0.18000000715255737,128900
2020-10-22,0.18000000715255737,0.18000000715255737,0.18000000715255737,0.18000000715255737,0
2020-10-23,0.1899999976158142,0.1899999976158142,0.18000000715255737,0.18000000715255737,120700
2020-10-26,0.1850000023841858,0.20499999821186066,0.1850000023841858,0.1850000023841858,656900
2020-10-27,0.1850000023841858,0.1850000023841858,0.1850000023841858,0.1850000023841858,0
2020-10-28,0.17499999701976776,0.17499999701976776,0.17000000178813934,0.17000000178813934,135000
2020-10-30,0.17000000178813934,0.17000000178813934,0.16500000655651093,0.16500000655651093,56000
2020-11-02,0.16500000655651093,0.18000000715255737,0.16500000655651093,0.17499999701976776,358000
2020-11-03,0.18000000715255737,0.18000000715255737,0.16500000655651093,0.16500000655651093,115000
2020-11-04,0.16500000655651093,0.16500000655651093,0.16500000655651093,0.16500000655651093,0
2020-11-05,0.1599999964237213,0.18000000715255737,0.1599999964237213,0.18000000715255737,255000
2020-11-06,0.16500000655651093,0.16500000655651093,0.16500000655651093,0.16500000655651093,5000
2020-11-09,0.17000000178813934,0.17499999701976776,0.17000000178813934,0.17499999701976776,84900
2020-11-10,0.17000000178813934,0.17000000178813934,0.17000000178813934,0.17000000178813934,50000
2020-11-11,0.18000000715255737,0.1850000023841858,0.17499999701976776,0.1850000023841858,96100
2020-11-12,0.18000000715255737,0.18000000715255737,0.18000000715255737,0.18000000715255737,66000
2020-11-13,0.18000000715255737,0.18000000715255737,0.18000000715255737,0.18000000715255737,0
2020-11-16,0.18000000715255737,0.18000000715255737,0.18000000715255737,0.18000000715255737,35000
2020-11-17,0.18000000715255737,0.18000000715255737,0.18000000715255737,0.18000000715255737,66000
2020-11-18,0.17499999701976776,0.18000000715255737,0.17499999701976776,0.18000000715255737,124900
2020-11-19,0.18000000715255737,0.1850000023841858,0.17499999701976776,0.1850000023841858,100200
2020-11-20,0.1850000023841858,0.1850000023841858,0.1850000023841858,0.1850000023841858,0
2020-11-23,0.18000000715255737,0.1850000023841858,0.18000000715255737,0.1850000023841858,20000
2020-11-24,0.18000000715255737,0.20499999821186066,0.17499999701976776,0.19499999284744263,776800
2020-11-25,0.19499999284744263,0.20999999344348907,0.1899999976158142,0.1899999976158142,506400
2020-11-26,0.20000000298023224,0.20000000298023224,0.19499999284744263,0.20000000298023224,153100
2020-11-27,0.20000000298023224,0.20000000298023224,0.1850000023841858,0.1899999976158142,450000
2020-11-30,0.1899999976158142,0.19499999284744263,0.1850000023841858,0.19499999284744263,1450900
2020-12-01,0.19499999284744263,0.2150000035762787,0.19499999284744263,0.20499999821186066,1062200
2020-12-02,0.20499999821186066,0.20499999821186066,0.1850000023841858,0.20499999821186066,147600
2020-12-03,0.1899999976158142,0.20999999344348907,0.1850000023841858,0.20000000298023224,408900
2020-12-04,0.20000000298023224,0.20999999344348907,0.1899999976158142,0.20999999344348907,324200
2020-12-07,0.2150000035762787,0.23999999463558197,0.20999999344348907,0.23000000417232513,1505800
2020-12-08,0.23499999940395355,0.25999999046325684,0.22499999403953552,0.24500000476837158,2255700
2020-12-09,0.25,0.25,0.20999999344348907,0.22499999403953552,292500
2020-12-10,0.2199999988079071,0.23000000417232513,0.20999999344348907,0.22499999403953552,445500
2020-12-11,0.22499999403953552,0.24500000476837158,0.22499999403953552,0.23000000417232513,1273500
2020-12-14,0.24500000476837158,0.24500000476837158,0.23000000417232513,0.23000000417232513,30000
2020-12-15,0.2150000035762787,0.23999999463558197,0.2150000035762787,0.2150000035762787,5756700
2020-12-16,0.2150000035762787,0.22499999403953552,0.2150000035762787,0.2150000035762787,154700
2020-12-17,0.20999999344348907,0.22499999403953552,0.20999999344348907,0.20999999344348907,212400
2020-12-18,0.23000000417232513,0.23000000417232513,0.20499999821186066,0.20499999821186066,91600
2020-12-21,0.20000000298023224,0.22499999403953552,0.20000000298023224,0.20999999344348907,899000
2020-12-22,0.20499999821186066,0.23000000417232513,0.20499999821186066,0.20999999344348907,38000
2020-12-23,0.20499999821186066,0.2199999988079071,0.20499999821186066,0.2150000035762787,102000
2020-12-24,0.20499999821186066,0.20499999821186066,0.20000000298023224,0.20000000298023224,110000
2020-12-28,0.20000000298023224,0.20000000298023224,0.1899999976158142,0.1899999976158142,240600
2020-12-29,0.1899999976158142,0.20000000298023224,0.1899999976158142,0.20000000298023224,119900
2020-12-30,0.20499999821186066,0.23000000417232513,0.20499999821186066,0.2150000035762787,1739900
2020-12-31,0.20999999344348907,0.20999999344348907,0.20499999821186066,0.20499999821186066,80500
2021-01-04,0.20499999821186066,0.20999999344348907,0.1899999976158142,0.19499999284744263,558600
2021-01-05,0.19499999284744263,0.20999999344348907,0.19499999284744263,0.19499999284744263,193200
2021-01-06,0.1899999976158142,0.20000000298023224,0.1899999976158142,0.19499999284744263,441300
2021-01-07,0.1899999976158142,0.20999999344348907,0.1850000023841858,0.20499999821186066,694100
2021-01-08,0.20999999344348907,0.20999999344348907,0.18000000715255737,0.18000000715255737,2172500
2021-01-11,0.18000000715255737,0.20000000298023224,0.18000000715255737,0.20000000298023224,355200
2021-01-12,0.1899999976158142,0.19499999284744263,0.1850000023841858,0.1899999976158142,141100
2021-01-13,0.19499999284744263,0.20499999821186066,0.19499999284744263,0.20499999821186066,369000
2021-01-14,0.20499999821186066,0.20499999821186066,0.1899999976158142,0.20000000298023224,66500
2021-01-15,0.1899999976158142,0.20000000298023224,0.1899999976158142,0.20000000298023224,190900
2021-01-18,0.20000000298023224,0.23999999463558197,0.20000000298023224,0.23499999940395355,22212400
2021-01-19,0.25,0.2800000011920929,0.23499999940395355,0.23499999940395355,3306900
2021-01-20,0.25,0.2750000059604645,0.23499999940395355,0.27000001072883606,2458500
2021-01-21,0.2750000059604645,0.30000001192092896,0.25999999046325684,0.30000001192092896,7397000
2021-01-22,0.30000001192092896,0.32499998807907104,0.2849999964237213,0.29499998688697815,5551700
2021-01-25,0.30000001192092896,0.36000001430511475,0.25999999046325684,0.33500000834465027,2983400
2021-01-26,0.33500000834465027,0.39500001072883606,0.3199999928474426,0.38499999046325684,6549800
2021-01-27,0.38999998569488525,0.4050000011920929,0.3799999952316284,0.39500001072883606,1783000
2021-01-29,0.39500001072883606,0.4099999964237213,0.3799999952316284,0.39500001072883606,1190700
2021-02-02,0.38999998569488525,0.44999998807907104,0.38499999046325684,0.4300000071525574,3387400
2021-02-03,0.4350000023841858,0.4350000023841858,0.4000000059604645,0.41999998688697815,1635500
2021-02-04,0.38999998569488525,0.41999998688697815,0.38999998569488525,0.4050000011920929,5955200
2021-02-05,0.4050000011920929,0.41999998688697815,0.4000000059604645,0.4099999964237213,1588700
2021-02-08,0.41999998688697815,0.42500001192092896,0.4000000059604645,0.42500001192092896,1177800
2021-02-09,0.4350000023841858,0.48500001430511475,0.4300000071525574,0.48500001430511475,3191800
2021-02-10,0.49000000953674316,0.49000000953674316,0.42500001192092896,0.42500001192092896,885600
2021-02-11,0.4350000023841858,0.4350000023841858,0.41999998688697815,0.4300000071525574,402800
2021-02-15,0.46000000834465027,0.49000000953674316,0.4350000023841858,0.49000000953674316,1356000
2021-02-16,0.4950000047683716,0.699999988079071,0.49000000953674316,0.6150000095367432,2611200
2021-02-17,0.6150000095367432,0.6150000095367432,0.550000011920929,0.5699999928474426,771500
2021-02-18,0.6000000238418579,0.8450000286102295,0.5899999737739563,0.7549999952316284,6821100
2021-02-19,0.800000011920929,0.800000011920929,0.6449999809265137,0.6700000166893005,1145700
2021-02-22,0.6949999928474426,0.7400000095367432,0.6650000214576721,0.6700000166893005,805200
2021-02-23,0.6650000214576721,0.6700000166893005,0.6000000238418579,0.6000000238418579,745600
2021-02-24,0.6000000238418579,0.6200000047683716,0.5199999809265137,0.5299999713897705,848300
2021-02-25,0.5299999713897705,0.5299999713897705,0.41499999165534973,0.4350000023841858,1205700
2021-02-26,0.4399999976158142,0.5149999856948853,0.4399999976158142,0.4950000047683716,1137500
2021-03-01,0.5,0.5,0.4000000059604645,0.4300000071525574,436800
2021-03-02,0.4099999964237213,0.4449999928474426,0.4099999964237213,0.4099999964237213,351800
2021-03-03,0.4050000011920929,0.6600000262260437,0.4000000059604645,0.5450000166893005,2407900
2021-03-04,0.550000011920929,0.6549999713897705,0.5400000214576721,0.5899999737739563,3019900
2021-03-05,0.5950000286102295,0.5950000286102295,0.4699999988079071,0.49000000953674316,829600
2021-03-08,0.49000000953674316,0.49000000953674316,0.4300000071525574,0.45500001311302185,841600
2021-03-09,0.4350000023841858,0.5199999809265137,0.4000000059604645,0.5,1279600
2021-03-10,0.5,0.5099999904632568,0.45500001311302185,0.49000000953674316,256100
2021-03-11,0.4650000035762787,0.5400000214576721,0.4300000071525574,0.5,609500
2021-03-12,0.6000000238418579,0.6499999761581421,0.5199999809265137,0.6000000238418579,4379100
2021-03-15,0.6000000238418579,0.625,0.5799999833106995,0.5899999737739563,998900
2021-03-16,0.5899999737739563,0.5899999737739563,0.5600000023841858,0.5600000023841858,255400
2021-03-17,0.5600000023841858,0.6200000047683716,0.5600000023841858,0.6150000095367432,241600
2021-03-18,0.6150000095367432,0.6349999904632568,0.5899999737739563,0.6349999904632568,498900
2021-03-19,0.6349999904632568,0.6349999904632568,0.6000000238418579,0.6150000095367432,183000
2021-03-22,0.6100000143051147,0.6100000143051147,0.5899999737739563,0.6050000190734863,85100
2021-03-23,0.6100000143051147,0.6100000143051147,0.5849999785423279,0.6100000143051147,127500
2021-03-24,0.5950000286102295,0.6200000047683716,0.5950000286102295,0.6000000238418579,488300
2021-03-25,0.5899999737739563,0.6100000143051147,0.5899999737739563,0.6100000143051147,145000
2021-03-26,0.5899999737739563,0.6150000095367432,0.5899999737739563,0.5950000286102295,622700
2021-03-29,0.6150000095367432,0.6150000095367432,0.5899999737739563,0.6000000238418579,32400
2021-03-30,0.5849999785423279,0.5950000286102295,0.574999988079071,0.5950000286102295,66700
2021-03-31,0.5950000286102295,0.5950000286102295,0.5550000071525574,0.5950000286102295,95900
2021-04-01,0.5550000071525574,0.5550000071525574,0.5299999713897705,0.5350000262260437,69500
2021-04-02,0.5350000262260437,0.5649999976158142,0.5299999713897705,0.5299999713897705,141600
2021-04-05,0.5299999713897705,0.5299999713897705,0.48500001430511475,0.5149999856948853,81700
2021-04-06,0.5149999856948853,0.5149999856948853,0.41999998688697815,0.48500001430511475,382200
2021-04-07,0.5,0.5,0.4650000035762787,0.47999998927116394,54800
2021-04-08,0.46000000834465027,0.47999998927116394,0.46000000834465027,0.47999998927116394,2000
2021-04-09,0.46000000834465027,0.4749999940395355,0.4350000023841858,0.4749999940395355,39300
2021-04-12,0.44999998807907104,0.46000000834465027,0.4099999964237213,0.46000000834465027,154900
2021-04-13,0.4749999940395355,0.4749999940395355,0.41999998688697815,0.4350000023841858,107700
2021-04-14,0.4350000023841858,0.4350000023841858,0.4300000071525574,0.4300000071525574,8500
2021-04-15,0.4399999976158142,0.7250000238418579,0.4399999976158142,0.4749999940395355,3270200
2021-04-16,0.4749999940395355,0.49000000953674316,0.41999998688697815,0.44999998807907104,488700
2021-04-19,0.4699999988079071,0.4699999988079071,0.42500001192092896,0.4300000071525574,267800
2021-04-20,0.4300000071525574,0.5199999809265137,0.42500001192092896,0.47999998927116394,947600
2021-04-21,0.4300000071525574,0.48500001430511475,0.4300000071525574,0.4699999988079071,134900
2021-04-22,0.4699999988079071,0.49000000953674316,0.4650000035762787,0.49000000953674316,120900
2021-04-23,0.48500001430511475,0.4950000047683716,0.47999998927116394,0.48500001430511475,144900
2021-04-26,0.4950000047683716,0.5,0.48500001430511475,0.48500001430511475,180400
2021-04-27,0.48500001430511475,0.48500001430511475,0.46000000834465027,0.46000000834465027,46900
2021-04-28,0.44999998807907104,0.4699999988079071,0.44999998807907104,0.4699999988079071,17700
2021-04-30,0.47999998927116394,0.47999998927116394,0.44999998807907104,0.45500001311302185,23300
2021-05-03,0.4399999976158142,0.47999998927116394,0.4350000023841858,0.47999998927116394,39100
2021-05-04,0.44999998807907104,0.4749999940395355,0.4399999976158142,0.4749999940395355,102300
2021-05-05,0.47999998927116394,0.47999998927116394,0.4699999988079071,0.47999998927116394,86300
2021-05-06,0.4399999976158142,0.4449999928474426,0.4399999976158142,0.4449999928474426,4900
2021-05-07,0.4449999928474426,0.5799999833106995,0.4449999928474426,0.4699999988079071,445000
2021-05-10,0.49000000953674316,0.49000000953674316,0.45500001311302185,0.46000000834465027,70600
2021-05-11,0.46000000834465027,0.4749999940395355,0.44999998807907104,0.4749999940395355,134300
2021-05-12,0.48500001430511475,0.48500001430511475,0.46000000834465027,0.46000000834465027,44900
2021-05-17,0.46000000834465027,0.46000000834465027,0.46000000834465027,0.46000000834465027,27700
2021-05-18,0.46000000834465027,0.46000000834465027,0.46000000834465027,0.46000000834465027,26100
2021-05-19,0.46000000834465027,0.46000000834465027,0.44999998807907104,0.46000000834465027,101800
2021-05-20,0.46000000834465027,0.49000000953674316,0.46000000834465027,0.47999998927116394,131600
2021-05-21,0.47999998927116394,0.47999998927116394,0.4650000035762787,0.4650000035762787,54500
2021-05-24,0.4699999988079071,0.49000000953674316,0.4699999988079071,0.49000000953674316,45000
2021-05-25,0.5,0.5149999856948853,0.4749999940395355,0.4749999940395355,107100
2021-05-27,0.4749999940395355,0.4749999940395355,0.4749999940395355,0.4749999940395355,37600
2021-05-28,0.4699999988079071,0.4699999988079071,0.4699999988079071,0.4699999988079071,4700
2021-05-31,0.47999998927116394,0.4950000047683716,0.4749999940395355,0.47999998927116394,53100
2021-06-01,0.47999998927116394,0.48500001430511475,0.47999998927116394,0.48500001430511475,37000
2021-06-02,0.47999998927116394,0.48500001430511475,0.4749999940395355,0.48500001430511475,59300
2021-06-03,0.47999998927116394,0.5149999856948853,0.47999998927116394,0.5149999856948853,1909000
2021-06-04,0.5249999761581421,0.550000011920929,0.49000000953674316,0.49000000953674316,575500
2021-06-08,0.49000000953674316,0.49000000953674316,0.48500001430511475,0.48500001430511475,55800
2021-06-09,0.48500001430511475,0.4950000047683716,0.48500001430511475,0.48500001430511475,29900
2021-06-10,0.48500001430511475,0.48500001430511475,0.48500001430511475,0.48500001430511475,75500
2021-06-11,0.48500001430511475,0.48500001430511475,0.47999998927116394,0.48500001430511475,51500
2021-06-14,0.48500001430511475,0.48500001430511475,0.48500001430511475,0.48500001430511475,59700
2021-06-15,0.48500001430511475,0.5,0.48500001430511475,0.49000000953674316,23000
2021-06-16,0.4950000047683716,0.5199999809265137,0.4950000047683716,0.5,63100
2021-06-17,0.5,0.5600000023841858,0.5,0.5049999952316284,376300
2021-06-18,0.5049999952316284,0.5400000214576721,0.5049999952316284,0.5350000262260437,225200
2021-06-21,0.5350000262260437,0.6000000238418579,0.5299999713897705,0.574999988079071,857200
2021-06-22,0.5950000286102295,0.6200000047683716,0.5849999785423279,0.5899999737739563,518100
2021-06-23,0.6000000238418579,0.6650000214576721,0.5950000286102295,0.6600000262260437,1327200
2021-06-24,0.6600000262260437,0.6600000262260437,0.625,0.625,515200
2021-06-25,0.625,0.625,0.5450000166893005,0.550000011920929,519100
2021-06-28,0.5099999904632568,0.5099999904632568,0.4650000035762787,0.4749999940395355,206200
2021-06-29,0.4650000035762787,0.5600000023841858,0.4650000035762787,0.5049999952316284,274300
2021-06-30,0.5,0.550000011920929,0.5,0.5049999952316284,346900
2021-07-01,0.5049999952316284,0.5350000262260437,0.5049999952316284,0.5149999856948853,82200
2021-07-02,0.5049999952316284,0.5649999976158142,0.5,0.5149999856948853,113500
2021-07-05,0.5199999809265137,0.5899999737739563,0.5199999809265137,0.5249999761581421,416900
2021-07-06,0.5600000023841858,0.6050000190734863,0.5600000023841858,0.5899999737739563,347500
2021-07-07,0.5699999928474426,0.6050000190734863,0.5699999928474426,0.6000000238418579,90500
2021-07-08,0.6000000238418579,0.7200000286102295,0.5699999928474426,0.7149999737739563,7642300
2021-07-09,0.7200000286102295,0.875,0.41499999165534973,0.41499999165534973,178838400
2021-07-12,0.35499998927116394,0.36500000953674316,0.25,0.26499998569488525,79447600
2021-07-13,0.25999999046325684,0.375,0.25,0.30000001192092896,68391600
2021-07-14,0.3100000023841858,0.3199999928474426,0.27000001072883606,0.2849999964237213,20917300
2021-07-15,0.2849999964237213,0.29499998688697815,0.26499998569488525,0.27000001072883606,9918000
2021-07-16,0.27000001072883606,0.2849999964237213,0.25999999046325684,0.27000001072883606,13605400
2021-07-19,0.27000001072883606,0.27000001072883606,0.24500000476837158,0.25,8291800
2021-07-21,0.25,0.27000001072883606,0.23499999940395355,0.27000001072883606,14588200
2021-07-22,0.27000001072883606,0.27000001072883606,0.2549999952316284,0.26499998569488525,10467900
2021-07-23,0.26499998569488525,0.26499998569488525,0.25,0.2549999952316284,4293700
2021-07-26,0.2549999952316284,0.2549999952316284,0.23000000417232513,0.23499999940395355,7236100
2021-07-27,0.23999999463558197,0.23999999463558197,0.19499999284744263,0.20000000298023224,10001000
2021-07-28,0.20000000298023224,0.22499999403953552,0.20000000298023224,0.2150000035762787,9270400
2021-07-29,0.2199999988079071,0.2199999988079071,0.20499999821186066,0.20499999821186066,4228800
2021-07-30,0.20999999344348907,0.20999999344348907,0.20000000298023224,0.20000000298023224,2428200
2021-08-02,0.20499999821186066,0.20999999344348907,0.20000000298023224,0.20499999821186066,3777300
2021-08-03,0.20000000298023224,0.20999999344348907,0.19499999284744263,0.20000000298023224,3547700
2021-08-04,0.20499999821186066,0.20499999821186066,0.19499999284744263,0.19499999284744263,1562200
2021-08-05,0.19499999284744263,0.19499999284744263,0.1850000023841858,0.1899999976158142,4920200
2021-08-06,0.1899999976158142,0.20499999821186066,0.1850000023841858,0.19499999284744263,6994800
2021-08-09,0.1899999976158142,0.19499999284744263,0.1850000023841858,0.1850000023841858,1348500
2021-08-11,0.1899999976158142,0.19499999284744263,0.1850000023841858,0.1850000023841858,2881000
2021-08-12,0.1850000023841858,0.1850000023841858,0.18000000715255737,0.1850000023841858,3177900
2021-08-13,0.1850000023841858,0.1850000023841858,0.1599999964237213,0.16500000655651093,2755300
2021-08-16,0.16500000655651093,0.16500000655651093,0.1550000011920929,0.1550000011920929,1140800
2021-08-17,0.1550000011920929,0.17000000178813934,0.1550000011920929,0.1599999964237213,3073800
2021-08-18,0.16500000655651093,0.17000000178813934,0.1599999964237213,0.17000000178813934,821400
2021-08-19,0.17000000178813934,0.18000000715255737,0.17000000178813934,0.17000000178813934,3195900
2021-08-20,0.17000000178813934,0.1850000023841858,0.16500000655651093,0.18000000715255737,4764200
2021-08-23,0.18000000715255737,0.19499999284744263,0.18000000715255737,0.1899999976158142,5975700
2021-08-24,0.1899999976158142,0.19499999284744263,0.1850000023841858,0.19499999284744263,2540900
2021-08-25,0.19499999284744263,0.20999999344348907,0.1850000023841858,0.1899999976158142,10145800
2021-08-26,0.1899999976158142,0.20499999821186066,0.1899999976158142,0.19499999284744263,2935400
2021-08-27,0.19499999284744263,0.20000000298023224,0.19499999284744263,0.20000000298023224,1338600
2021-08-30,0.20000000298023224,0.20000000298023224,0.1899999976158142,0.1899999976158142,1154800
2021-09-01,0.1850000023841858,0.19499999284744263,0.1850000023841858,0.1850000023841858,2397400
2021-09-02,0.1850000023841858,0.20499999821186066,0.1850000023841858,0.20000000298023224,7067000
2021-09-03,0.19499999284744263,0.2150000035762787,0.1899999976158142,0.20000000298023224,21727600
2021-09-06,0.20499999821186066,0.23000000417232513,0.20499999821186066,0.2150000035762787,19824300
2021-09-07,0.2150000035762787,0.2150000035762787,0.20499999821186066,0.20999999344348907,3274500
2021-09-08,0.20999999344348907,0.23999999463558197,0.20499999821186066,0.23000000417232513,22605700
2021-09-09,0.23000000417232513,0.23000000417232513,0.2150000035762787,0.2150000035762787,5600700
2021-09-10,0.2150000035762787,0.22499999403953552,0.2150000035762787,0.2199999988079071,653600
2021-09-13,0.2199999988079071,0.23499999940395355,0.2199999988079071,0.2199999988079071,9616100
2021-09-14,0.2199999988079071,0.23000000417232513,0.2150000035762787,0.2199999988079071,2872000
2021-09-15,0.2199999988079071,0.23499999940395355,0.2199999988079071,0.22499999403953552,7052200
2021-09-17,0.22499999403953552,0.23000000417232513,0.2150000035762787,0.2150000035762787,1889600
2021-09-20,0.2199999988079071,0.2199999988079071,0.20000000298023224,0.20499999821186066,1467900
2021-09-21,0.20999999344348907,0.23000000417232513,0.20999999344348907,0.2199999988079071,11898200
2021-09-22,0.2199999988079071,0.2199999988079071,0.20999999344348907,0.20999999344348907,535500
2021-09-23,0.2150000035762787,0.24500000476837158,0.2150000035762787,0.23000000417232513,20283600
2021-09-24,0.23000000417232513,0.23000000417232513,0.22499999403953552,0.23000000417232513,6614800
2021-09-27,0.23000000417232513,0.25999999046325684,0.22499999403953552,0.25,53194400
2021-09-28,0.25,0.28999999165534973,0.24500000476837158,0.25999999046325684,60662400
2021-09-29,0.25999999046325684,0.25999999046325684,0.23999999463558197,0.2549999952316284,7405900
2021-09-30,0.25999999046325684,0.25999999046325684,0.24500000476837158,0.25,4128000
2021-10-01,0.24500000476837158,0.2549999952316284,0.24500000476837158,0.25,7512300
2021-10-04,0.25,0.2750000059604645,0.25,0.25999999046325684,21936200
2021-10-05,0.25999999046325684,0.26499998569488525,0.2549999952316284,0.25999999046325684,2167100
2021-10-06,0.25999999046325684,0.27000001072883606,0.25,0.2549999952316284,9508700
2021-10-07,0.2549999952316284,0.25999999046325684,0.25,0.2549999952316284,6045200
2021-10-08,0.2549999952316284,0.25999999046325684,0.25,0.2549999952316284,6252700
2021-10-11,0.2549999952316284,0.27000001072883606,0.25,0.2549999952316284,14876500
2021-10-12,0.25999999046325684,0.27000001072883606,0.25,0.25,19779700
2021-10-13,0.25,0.25,0.24500000476837158,0.24500000476837158,4818300
2021-10-14,0.25,0.25,0.23499999940395355,0.23499999940395355,7321700
2021-10-15,0.23499999940395355,0.23499999940395355,0.2199999988079071,0.22499999403953552,10939400
2021-10-18,0.22499999403953552,0.24500000476837158,0.22499999403953552,0.23499999940395355,9625800
2021-10-20,0.23499999940395355,0.23999999463558197,0.22499999403953552,0.23000000417232513,16322500
2021-10-21,0.23000000417232513,0.23499999940395355,0.2150000035762787,0.2199999988079071,7085000
2021-10-22,0.2199999988079071,0.24500000476837158,0.2199999988079071,0.22499999403953552,26422400
2021-10-25,0.22499999403953552,0.23999999463558197,0.22499999403953552,0.23000000417232513,7409400
2021-10-26,0.23499999940395355,0.25,0.23000000417232513,0.23499999940395355,46801000
2021-10-27,0.23499999940395355,0.23999999463558197,0.22499999403953552,0.23000000417232513,7339400
2021-10-28,0.23000000417232513,0.23000000417232513,0.22499999403953552,0.22499999403953552,843200
2021-10-29,0.23000000417232513,0.23499999940395355,0.22499999403953552,0.23000000417232513,18321400
2021-11-01,0.23000000417232513,0.23000000417232513,0.20999999344348907,0.20999999344348907,5803300
2021-11-02,0.2150000035762787,0.2199999988079071,0.2150000035762787,0.2199999988079071,769900
2021-11-03,0.22499999403953552,0.22499999403953552,0.2150000035762787,0.2150000035762787,11445900
2021-11-05,0.2150000035762787,0.23499999940395355,0.2150000035762787,0.2199999988079071,28096500
2021-11-08,0.2199999988079071,0.22499999403953552,0.2150000035762787,0.2150000035762787,6856800
2021-11-09,0.2150000035762787,0.23499999940395355,0.17000000178813934,0.20499999821186066,32315500
2021-11-10,0.2150000035762787,0.2199999988079071,0.1850000023841858,0.20499999821186066,20870300
2021-11-11,0.20499999821186066,0.20999999344348907,0.19499999284744263,0.19499999284744263,8299800
2021-11-12,0.19499999284744263,0.20000000298023224,0.1850000023841858,0.1850000023841858,6969200
2021-11-15,0.1850000023841858,0.1899999976158142,0.17000000178813934,0.18000000715255737,9197700
2021-11-16,0.18000000715255737,0.18000000715255737,0.17000000178813934,0.17000000178813934,8657800
2021-11-17,0.17000000178813934,0.17499999701976776,0.1599999964237213,0.1599999964237213,1656800
2021-11-18,0.16500000655651093,0.17000000178813934,0.15000000596046448,0.1599999964237213,13734700
2021-11-19,0.16500000655651093,0.17000000178813934,0.1550000011920929,0.1550000011920929,8252800
2021-11-22,0.1599999964237213,0.1599999964237213,0.1550000011920929,0.1550000011920929,569600
2021-11-23,0.1550000011920929,0.1550000011920929,0.14499999582767487,0.15000000596046448,11493700
2021-11-24,0.15000000596046448,0.1550000011920929,0.14499999582767487,0.15000000596046448,6035100
2021-11-25,0.15000000596046448,0.1550000011920929,0.14499999582767487,0.14499999582767487,3372700
2021-11-26,0.15000000596046448,0.1550000011920929,0.14000000059604645,0.15000000596046448,10034000
2021-11-29,0.14499999582767487,0.15000000596046448,0.14000000059604645,0.14499999582767487,4964800
2021-11-30,0.14499999582767487,0.1599999964237213,0.14499999582767487,0.14499999582767487,2277100
2021-12-01,0.14499999582767487,0.16500000655651093,0.14499999582767487,0.14499999582767487,23817500
2021-12-02,0.14499999582767487,0.1599999964237213,0.14000000059604645,0.15000000596046448,4489800
2021-12-06,0.15000000596046448,0.15000000596046448,0.14000000059604645,0.14499999582767487,8920200
2021-12-07,0.14499999582767487,0.1550000011920929,0.13500000536441803,0.13500000536441803,9773800
2021-12-08,0.14000000059604645,0.14499999582767487,0.13500000536441803,0.13500000536441803,5108600
2021-12-09,0.14000000059604645,0.14499999582767487,0.13500000536441803,0.13500000536441803,9497900
2021-12-10,0.13500000536441803,0.14000000059604645,0.12999999523162842,0.12999999523162842,6034000
2021-12-13,0.13500000536441803,0.15000000596046448,0.13500000536441803,0.14000000059604645,45601300
2021-12-14,0.13500000536441803,0.14000000059604645,0.13500000536441803,0.13500000536441803,677600
2021-12-15,0.13500000536441803,0.14000000059604645,0.12999999523162842,0.13500000536441803,7740600
2021-12-16,0.13500000536441803,0.14000000059604645,0.125,0.12999999523162842,15572300
2021-12-17,0.12999999523162842,0.12999999523162842,0.125,0.125,803100
2021-12-20,0.125,0.125,0.11999999731779099,0.11999999731779099,1272500
2021-12-21,0.125,0.12999999523162842,0.11999999731779099,0.125,9755100
2021-12-22,0.125,0.125,0.11999999731779099,0.125,304100
2021-12-23,0.125,0.125,0.11500000208616257,0.11999999731779099,3355100
2021-12-24,0.11500000208616257,0.11500000208616257,0.10499999672174454,0.11500000208616257,10271600
2021-12-27,0.11500000208616257,0.11999999731779099,0.10999999940395355,0.11500000208616257,3246900
2021-12-28,0.11999999731779099,0.125,0.10999999940395355,0.11500000208616257,5538700
2021-12-29,0.10999999940395355,0.10999999940395355,0.0949999988079071,0.10499999672174454,6847000
2021-12-30,0.10499999672174454,0.10499999672174454,0.10000000149011612,0.10000000149011612,770900
2021-12-31,0.10499999672174454,0.10499999672174454,0.10000000149011612,0.10499999672174454,936100
2022-01-03,0.10000000149011612,0.10499999672174454,0.0949999988079071,0.10000000149011612,1466800
2022-01-04,0.10499999672174454,0.11500000208616257,0.10000000149011612,0.10499999672174454,2792400
2022-01-05,0.10499999672174454,0.11999999731779099,0.10499999672174454,0.11500000208616257,5782300
2022-01-06,0.11500000208616257,0.125,0.10999999940395355,0.11500000208616257,3738800
2022-01-07,0.11500000208616257,0.11500000208616257,0.10999999940395355,0.11500000208616257,1920000
2022-01-10,0.11500000208616257,0.13500000536441803,0.11500000208616257,0.12999999523162842,10875700
2022-01-11,0.13500000536441803,0.13500000536441803,0.11500000208616257,0.125,4062900
2022-01-12,0.11999999731779099,0.125,0.11500000208616257,0.11999999731779099,1604100
2022-01-13,0.11500000208616257,0.11999999731779099,0.10999999940395355,0.11999999731779099,1939200
2022-01-14,0.11500000208616257,0.11500000208616257,0.10499999672174454,0.10999999940395355,1262200
2022-01-17,0.10499999672174454,0.11500000208616257,0.10499999672174454,0.10999999940395355,1746700
2022-01-19,0.11500000208616257,0.11500000208616257,0.10499999672174454,0.10999999940395355,696300
2022-01-20,0.10499999672174454,0.11500000208616257,0.10499999672174454,0.11500000208616257,769800
2022-01-21,0.11500000208616257,0.11500000208616257,0.10499999672174454,0.10999999940395355,566200
2022-01-24,0.10999999940395355,0.10999999940395355,0.10499999672174454,0.10999999940395355,1084600
2022-01-25,0.10499999672174454,0.10999999940395355,0.10000000149011612,0.10499999672174454,1367700
2022-01-26,0.10499999672174454,0.10499999672174454,0.10499999672174454,0.10499999672174454,78300
2022-01-27,0.10499999672174454,0.10499999672174454,0.10499999672174454,0.10499999672174454,484500
2022-01-28,0.10000000149011612,0.10499999672174454,0.10000000149011612,0.10499999672174454,485200
2022-01-31,0.10000000149011612,0.10000000149011612,0.10000000149011612,0.10000000149011612,80000
2022-02-03,0.10499999672174454,0.10999999940395355,0.10000000149011612,0.10999999940395355,123100
2022-02-04,0.10999999940395355,0.10999999940395355,0.10499999672174454,0.10999999940395355,720300
2022-02-07,0.10999999940395355,0.11500000208616257,0.10999999940395355,0.11500000208616257,369900
2022-02-08,0.10999999940395355,0.10999999940395355,0.10999999940395355,0.10999999940395355,304900
2022-02-09,0.10999999940395355,0.11500000208616257,0.10999999940395355,0.10999999940395355,1179200
2022-02-10,0.10499999672174454,0.10999999940395355,0.10499999672174454,0.10999999940395355,334800
2022-02-11,0.10499999672174454,0.10999999940395355,0.10499999672174454,0.10999999940395355,377000
2022-02-14,0.10999999940395355,0.10999999940395355,0.10999999940395355,0.10999999940395355,258000
2022-02-15,0.10999999940395355,0.10999999940395355,0.10499999672174454,0.10499999672174454,476800
2022-02-16,0.10499999672174454,0.10499999672174454,0.10499999672174454,0.10499999672174454,435300
2022-02-17,0.10499999672174454,0.10999999940395355,0.10499999672174454,0.10499999672174454,513200
2022-02-18,0.10499999672174454,0.10499999672174454,0.10499999672174454,0.10499999672174454,388000
2022-02-21,0.10499999672174454,0.10499999672174454,0.10000000149011612,0.10499999672174454,546400
2022-02-22,0.10000000149011612,0.10000000149011612,0.10000000149011612,0.10000000149011612,1178900
2022-02-23,0.10000000149011612,0.10000000149011612,0.0949999988079071,0.0949999988079071,1162600
2022-02-24,0.0949999988079071,0.0949999988079071,0.07999999821186066,0.08500000089406967,1590800
2022-02-25,0.09000000357627869,0.0949999988079071,0.08500000089406967,0.08500000089406967,446600
2022-02-28,0.08500000089406967,0.08500000089406967,0.07999999821186066,0.08500000089406967,526800
2022-03-01,0.07999999821186066,0.09000000357627869,0.07999999821186066,0.08500000089406967,979300
2022-03-02,0.07999999821186066,0.08500000089406967,0.07500000298023224,0.07999999821186066,488700
2022-03-03,0.07999999821186066,0.07999999821186066,0.07999999821186066,0.07999999821186066,431000
2022-03-04,0.07500000298023224,0.07500000298023224,0.07000000029802322,0.07000000029802322,1933800
2022-03-07,0.06499999761581421,0.07000000029802322,0.06499999761581421,0.06499999761581421,735100
2022-03-08,0.07000000029802322,0.07000000029802322,0.06499999761581421,0.06499999761581421,451700
2022-03-09,0.07000000029802322,0.07500000298023224,0.07000000029802322,0.07500000298023224,692000
2022-03-10,0.07500000298023224,0.09000000357627869,0.07500000298023224,0.09000000357627869,1052900
2022-03-11,0.09000000357627869,0.09000000357627869,0.07999999821186066,0.08500000089406967,399600
2022-03-14,0.08500000089406967,0.0949999988079071,0.08500000089406967,0.09000000357627869,690500
2022-03-15,0.08500000089406967,0.09000000357627869,0.08500000089406967,0.08500000089406967,41000
2022-03-16,0.08500000089406967,0.09000000357627869,0.07999999821186066,0.09000000357627869,81500
2022-03-17,0.08500000089406967,0.09000000357627869,0.08500000089406967,0.09000000357627869,52600
2022-03-18,0.08500000089406967,0.08500000089406967,0.08500000089406967,0.08500000089406967,130800
2022-03-21,0.08500000089406967,0.08500000089406967,0.08500000089406967,0.08500000089406967,2200
2022-03-22,0.08500000089406967,0.08500000089406967,0.08500000089406967,0.08500000089406967,97700
2022-03-23,0.08500000089406967,0.09000000357627869,0.07999999821186066,0.09000000357627869,231100
2022-03-24,0.08500000089406967,0.0949999988079071,0.08500000089406967,0.09000000357627869,406300
2022-03-25,0.09000000357627869,0.09000000357627869,0.08500000089406967,0.08500000089406967,138900
2022-03-28,0.09000000357627869,0.09000000357627869,0.08500000089406967,0.09000000357627869,47300
2022-03-29,0.09000000357627869,0.09000000357627869,0.08500000089406967,0.08500000089406967,102700
2022-03-30,0.09000000357627869,0.09000000357627869,0.08500000089406967,0.09000000357627869,63500
2022-03-31,0.0949999988079071,0.0949999988079071,0.08500000089406967,0.09000000357627869,31700
2022-04-01,0.09000000357627869,0.09000000357627869,0.08500000089406967,0.08500000089406967,120300
2022-04-04,0.09000000357627869,0.10499999672174454,0.09000000357627869,0.10499999672174454,2717400
2022-04-05,0.10999999940395355,0.125,0.10999999940395355,0.11500000208616257,3819700
2022-04-06,0.11500000208616257,0.11500000208616257,0.10000000149011612,0.10499999672174454,1548300
2022-04-07,0.10999999940395355,0.11500000208616257,0.10000000149011612,0.11500000208616257,901000
2022-04-08,0.10999999940395355,0.11500000208616257,0.10499999672174454,0.10499999672174454,692600
2022-04-11,0.10499999672174454,0.10499999672174454,0.10000000149011612,0.10000000149011612,708500
2022-04-12,0.0949999988079071,0.10999999940395355,0.0949999988079071,0.10499999672174454,563500
2022-04-13,0.10499999672174454,0.11500000208616257,0.10499999672174454,0.11500000208616257,1053100
2022-04-14,0.11500000208616257,0.11500000208616257,0.10999999940395355,0.10999999940395355,296900
2022-04-15,0.10999999940395355,0.11500000208616257,0.10499999672174454,0.10999999940395355,462800
2022-04-18,0.10499999672174454,0.10499999672174454,0.10000000149011612,0.10499999672174454,283300
2022-04-20,0.10499999672174454,0.10999999940395355,0.10499999672174454,0.10499999672174454,193500
2022-04-21,0.10499999672174454,0.10499999672174454,0.10000000149011612,0.10000000149011612,458500
2022-04-22,0.10000000149011612,0.10499999672174454,0.10000000149011612,0.10499999672174454,220400
2022-04-25,0.0949999988079071,0.10000000149011612,0.0949999988079071,0.10000000149011612,139900
2022-04-26,0.10000000149011612,0.10000000149011612,0.10000000149011612,0.10000000149011612,171100
2022-04-27,0.10000000149011612,0.10000000149011612,0.0949999988079071,0.10000000149011612,200300
2022-04-28,0.10000000149011612,0.10499999672174454,0.10000000149011612,0.10000000149011612,102300
2022-04-29,0.10000000149011612,0.10999999940395355,0.10000000149011612,0.10999999940395355,245500
2022-05-05,0.10000000149011612,0.10000000149011612,0.10000000149011612,0.10000000149011612,47900
2022-05-06,0.10499999672174454,0.10499999672174454,0.10000000149011612,0.10000000149011612,265900
2022-05-09,0.10000000149011612,0.10499999672174454,0.10000000149011612,0.10499999672174454,30600
2022-05-10,0.10000000149011612,0.10000000149011612,0.10000000149011612,0.10000000149011612,278400
2022-05-11,0.0949999988079071,0.0949999988079071,0.0949999988079071,0.0949999988079071,38000
2022-05-12,0.0949999988079071,0.10000000149011612,0.0949999988079071,0.10000000149011612,312800
2022-05-13,0.10000000149011612,0.10499999672174454,0.10000000149011612,0.10499999672174454,247200
2022-05-17,0.10499999672174454,0.10499999672174454,0.10000000149011612,0.10000000149011612,263500
2022-05-18,0.10000000149011612,0.10499999672174454,0.10000000149011612,0.10000000149011612,337300
2022-05-19,0.10000000149011612,0.10000000149011612,0.0949999988079071,0.10000000149011612,294400
2022-05-20,0.0949999988079071,0.0949999988079071,0.0949999988079071,0.0949999988079071,335200
2022-05-23,0.0949999988079071,0.0949999988079071,0.09000000357627869,0.09000000357627869,240700
2022-05-24,0.09000000357627869,0.10000000149011612,0.09000000357627869,0.0949999988079071,332000
2022-05-25,0.09000000357627869,0.0949999988079071,0.09000000357627869,0.09000000357627869,166100
2022-05-26,0.09000000357627869,0.0949999988079071,0.08500000089406967,0.0949999988079071,181100
2022-05-27,0.09000000357627869,0.10000000149011612,0.09000000357627869,0.09000000357627869,115300
2022-05-30,0.09000000357627869,0.09000000357627869,0.09000000357627869,0.09000000357627869,40400
2022-05-31,0.09000000357627869,0.09000000357627869,0.09000000357627869,0.09000000357627869,0
2022-06-01,0.09000000357627869,0.09000000357627869,0.09000000357627869,0.09000000357627869,235200
2022-06-02,0.08500000089406967,0.09000000357627869,0.07999999821186066,0.09000000357627869,331700
2022-06-03,0.0949999988079071,0.0949999988079071,0.09000000357627869,0.0949999988079071,548600
2022-06-07,0.09000000357627869,0.0949999988079071,0.09000000357627869,0.0949999988079071,61200
2022-06-08,0.09000000357627869,0.09000000357627869,0.08500000089406967,0.09000000357627869,366000
2022-06-09,0.08500000089406967,0.08500000089406967,0.08500000089406967,0.08500000089406967,82000
2022-06-10,0.08500000089406967,0.09000000357627869,0.08500000089406967,0.08500000089406967,247300
2022-06-13,0.08500000089406967,0.08500000089406967,0.07999999821186066,0.08500000089406967,46000
2022-06-14,0.07999999821186066,0.08500000089406967,0.07999999821186066,0.08500000089406967,95800
2022-06-15,0.08500000089406967,0.08500000089406967,0.07999999821186066,0.07999999821186066,300900
2022-06-16,0.07999999821186066,0.07999999821186066,0.07999999821186066,0.07999999821186066,25000
2022-06-17,0.07999999821186066,0.08500000089406967,0.07999999821186066,0.08500000089406967,175800
2022-06-20,0.08500000089406967,0.08500000089406967,0.07999999821186066,0.07999999821186066,255500
2022-06-21,0.08500000089406967,0.08500000089406967,0.07999999821186066,0.07999999821186066,22000
2022-06-22,0.07999999821186066,0.07999999821186066,0.07999999821186066,0.07999999821186066,177500
2022-06-23,0.07999999821186066,0.08500000089406967,0.07999999821186066,0.07999999821186066,53000
2022-06-24,0.07999999821186066,0.07999999821186066,0.07999999821186066,0.07999999821186066,26000
2022-06-27,0.07999999821186066,0.09000000357627869,0.07999999821186066,0.09000000357627869,53100
2022-06-28,0.08500000089406967,0.08500000089406967,0.07999999821186066,0.07999999821186066,107000
2022-06-29,0.07999999821186066,0.07999999821186066,0.07999999821186066,0.07999999821186066,9000
2022-06-30,0.07999999821186066,0.07999999821186066,0.07999999821186066,0.07999999821186066,0
2022-07-01,0.07999999821186066,0.08500000089406967,0.07999999821186066,0.07999999821186066,82000
2022-07-04,0.07999999821186066,0.07999999821186066,0.07999999821186066,0.07999999821186066,0
2022-07-05,0.07999999821186066,0.07999999821186066,0.07999999821186066,0.07999999821186066,198300
2022-07-06,0.07999999821186066,0.07999999821186066,0.07999999821186066,0.07999999821186066,155000
2022-07-07,0.07999999821186066,0.07999999821186066,0.07999999821186066,0.07999999821186066,58000
2022-07-08,0.07999999821186066,0.07999999821186066,0.07500000298023224,0.07500000298023224,118300
2022-07-12,0.07500000298023224,0.07500000298023224,0.07000000029802322,0.07000000029802322,123300
2022-07-13,0.07000000029802322,0.07000000029802322,0.07000000029802322,0.07000000029802322,40000
2022-07-14,0.07000000029802322,0.07000000029802322,0.07000000029802322,0.07000000029802322,0
2022-07-15,0.07000000029802322,0.07000000029802322,0.07000000029802322,0.07000000029802322,0
2022-07-18,0.07500000298023224,0.07500000298023224,0.07500000298023224,0.07500000298023224,55700
2022-07-19,0.07999999821186066,0.07999999821186066,0.07500000298023224,0.07500000298023224,14600
2022-07-20,0.07500000298023224,0.07500000298023224,0.07500000298023224,0.07500000298023224,3000
2022-07-21,0.07000000029802322,0.07500000298023224,0.07000000029802322,0.07000000029802322,612400
2022-07-22,0.07500000298023224,0.07999999821186066,0.07000000029802322,0.07000000029802322,292400
2022-07-25,0.07500000298023224,0.07500000298023224,0.07500000298023224,0.07500000298023224,108000
2022-07-26,0.07000000029802322,0.07000000029802322,0.07000000029802322,0.07000000029802322,77400
2022-07-27,0.07000000029802322,0.07999999821186066,0.07000000029802322,0.07500000298023224,308500
2022-07-28,0.07999999821186066,0.0949999988079071,0.07999999821186066,0.0949999988079071,1468300
2022-07-29,0.0949999988079071,0.0949999988079071,0.08500000089406967,0.0949999988079071,663200
2022-08-01,0.09000000357627869,0.10000000149011612,0.09000000357627869,0.0949999988079071,1036500
2022-08-02,0.09000000357627869,0.0949999988079071,0.09000000357627869,0.0949999988079071,445200
2022-08-03,0.09000000357627869,0.10999999940395355,0.09000000357627869,0.10000000149011612,4139100
2022-08-04,0.10000000149011612,0.10499999672174454,0.0949999988079071,0.10000000149011612,1541200
2022-08-05,0.0949999988079071,0.10000000149011612,0.09000000357627869,0.09000000357627869,2255200
2022-08-08,0.09000000357627869,0.09000000357627869,0.08500000089406967,0.09000000357627869,510100
2022-08-09,0.09000000357627869,0.09000000357627869,0.08500000089406967,0.08500000089406967,787600
2022-08-10,0.07999999821186066,0.09000000357627869,0.07999999821186066,0.08500000089406967,381600
2022-08-11,0.08500000089406967,0.08500000089406967,0.08500000089406967,0.08500000089406967,91900
2022-08-12,0.07999999821186066,0.08500000089406967,0.07999999821186066,0.07999999821186066,5749000
2022-08-15,0.07999999821186066,0.07999999821186066,0.07500000298023224,0.07999999821186066,523500
2022-08-16,0.08500000089406967,0.09000000357627869,0.08500000089406967,0.08500000089406967,11374500
2022-08-17,0.08500000089406967,0.08500000089406967,0.08500000089406967,0.08500000089406967,53100
2022-08-18,0.08500000089406967,0.08500000089406967,0.07999999821186066,0.07999999821186066,4438600
2022-08-19,0.07999999821186066,0.08500000089406967,0.07500000298023224,0.08500000089406967,7677200
2022-08-22,0.07999999821186066,0.08500000089406967,0.07999999821186066,0.08500000089406967,4138500
2022-08-23,0.08500000089406967,0.09000000357627869,0.07999999821186066,0.09000000357627869,744000
2022-08-24,0.09000000357627869,0.09000000357627869,0.08500000089406967,0.09000000357627869,7395000
2022-08-25,0.08500000089406967,0.08500000089406967,0.08500000089406967,0.08500000089406967,4834200
2022-08-26,0.08500000089406967,0.09000000357627869,0.07999999821186066,0.08500000089406967,81200
2022-08-29,0.07999999821186066,0.08500000089406967,0.07999999821186066,0.07999999821186066,146900
2022-08-30,0.07999999821186066,0.07999999821186066,0.07999999821186066,0.07999999821186066,1500
2022-09-01,0.08500000089406967,0.08500000089406967,0.07999999821186066,0.07999999821186066,195200
2022-09-02,0.07999999821186066,0.07999999821186066,0.07999999821186066,0.07999999821186066,10100
2022-09-05,0.07999999821186066,0.07999999821186066,0.07999999821186066,0.07999999821186066,76500
2022-09-06,0.07999999821186066,0.07999999821186066,0.07999999821186066,0.07999999821186066,97000
2022-09-07,0.07999999821186066,0.08500000089406967,0.07999999821186066,0.08500000089406967,140100
2022-09-08,0.07999999821186066,0.07999999821186066,0.07999999821186066,0.07999999821186066,299600
2022-09-09,0.07500000298023224,0.07999999821186066,0.07500000298023224,0.07999999821186066,20800
2022-09-12,0.07500000298023224,0.07999999821186066,0.07500000298023224,0.07999999821186066,10600
2022-09-13,0.07999999821186066,0.07999999821186066,0.07500000298023224,0.07500000298023224,410000
2022-09-14,0.07000000029802322,0.07500000298023224,0.07000000029802322,0.07500000298023224,199400
2022-09-15,0.07500000298023224,0.07500000298023224,0.07000000029802322,0.07000000029802322,515700
2022-09-19,0.07000000029802322,0.07000000029802322,0.07000000029802322,0.07000000029802322,2700
2022-09-20,0.07500000298023224,0.07999999821186066,0.07500000298023224,0.07500000298023224,426200
2022-09-21,0.07000000029802322,0.07000000029802322,0.07000000029802322,0.07000000029802322,45000
2022-09-22,0.07500000298023224,0.07500000298023224,0.07000000029802322,0.07500000298023224,447500
2022-09-23,0.07000000029802322,0.07000000029802322,0.07000000029802322,0.07000000029802322,234400
2022-09-26,0.07000000029802322,0.07000000029802322,0.07000000029802322,0.07000000029802322,0
2022-09-27,0.06499999761581421,0.07000000029802322,0.06499999761581421,0.07000000029802322,113900
2022-09-28,0.06499999761581421,0.06499999761581421,0.06499999761581421,0.06499999761581421,240700
2022-09-29,0.06499999761581421,0.06499999761581421,0.05999999865889549,0.06499999761581421,359000
2022-09-30,0.06499999761581421,0.06499999761581421,0.06499999761581421,0.06499999761581421,0
2022-10-03,0.06499999761581421,0.06499999761581421,0.06499999761581421,0.06499999761581421,124000
2022-10-04,0.07000000029802322,0.07000000029802322,0.07000000029802322,0.07000000029802322,1300
2022-10-05,0.07000000029802322,0.07000000029802322,0.07000000029802322,0.07000000029802322,207700
2022-10-06,0.07000000029802322,0.07000000029802322,0.07000000029802322,0.07000000029802322,0
2022-10-07,0.07000000029802322,0.07000000029802322,0.06499999761581421,0.06499999761581421,30100
2022-10-11,0.06499999761581421,0.06499999761581421,0.06499999761581421,0.06499999761581421,21300
2022-10-12,0.06499999761581421,0.06499999761581421,0.06499999761581421,0.06499999761581421,6400
2022-10-13,0.06499999761581421,0.06499999761581421,0.06499999761581421,0.06499999761581421,69000
2022-10-14,0.06499999761581421,0.06499999761581421,0.06499999761581421,0.06499999761581421,0
2022-10-17,0.06499999761581421,0.06499999761581421,0.06499999761581421,0.06499999761581421,100000
2022-10-18,0.06499999761581421,0.06499999761581421,0.06499999761581421,0.06499999761581421,0
2022-10-19,0.07000000029802322,0.07500000298023224,0.07000000029802322,0.07500000298023224,200700
2022-10-20,0.07500000298023224,0.07500000298023224,0.07500000298023224,0.07500000298023224,7000
2022-10-21,0.06499999761581421,0.07000000029802322,0.06499999761581421,0.07000000029802322,359800
2022-10-25,0.07500000298023224,0.07500000298023224,0.06499999761581421,0.07000000029802322,205400
2022-10-26,0.06499999761581421,0.06499999761581421,0.06499999761581421,0.06499999761581421,9000
2022-10-27,0.06499999761581421,0.06499999761581421,0.06499999761581421,0.06499999761581421,1000
2022-10-28,0.06499999761581421,0.07000000029802322,0.06499999761581421,0.07000000029802322,379700
2022-10-31,0.07000000029802322,0.07000000029802322,0.07000000029802322,0.07000000029802322,0
2022-11-01,0.07000000029802322,0.07000000029802322,0.07000000029802322,0.07000000029802322,20200
2022-11-02,0.07500000298023224,0.07999999821186066,0.07500000298023224,0.07500000298023224,419900
2022-11-03,0.07500000298023224,0.07500000298023224,0.07500000298023224,0.07500000298023224,0
2022-11-04,0.07500000298023224,0.07500000298023224,0.07000000029802322,0.07500000298023224,190100
2022-11-07,0.07500000298023224,0.09000000357627869,0.07500000298023224,0.08500000089406967,1002300
2022-11-08,0.09000000357627869,0.09000000357627869,0.07999999821186066,0.07999999821186066,79000
2022-11-09,0.08500000089406967,0.0949999988079071,0.07999999821186066,0.09000000357627869,1291400
2022-11-10,0.08500000089406967,0.0949999988079071,0.08500000089406967,0.09000000357627869,495600
2022-11-11,0.08500000089406967,0.09000000357627869,0.07999999821186066,0.08500000089406967,169000
2022-11-14,0.08500000089406967,0.08500000089406967,0.07999999821186066,0.07999999821186066,76300
2022-11-15,0.07999999821186066,0.08500000089406967,0.07999999821186066,0.07999999821186066,937400
2022-11-16,0.07999999821186066,0.07999999821186066,0.07999999821186066,0.07999999821186066,0
2022-11-17,0.07500000298023224,0.07500000298023224,0.07500000298023224,0.07500000298023224,290000
2022-11-21,0.07500000298023224,0.07999999821186066,0.07500000298023224,0.07999999821186066,100200
2022-11-22,0.07500000298023224,0.07999999821186066,0.07000000029802322,0.07999999821186066,410300
2022-11-23,0.07500000298023224,0.07500000298023224,0.07500000298023224,0.07500000298023224,73000
2022-11-24,0.07000000029802322,0.07999999821186066,0.07000000029802322,0.07999999821186066,158200
2022-11-25,0.07999999821186066,0.07999999821186066,0.07999999821186066,0.07999999821186066,50900
2022-11-29,0.07999999821186066,0.07999999821186066,0.07999999821186066,0.07999999821186066,21000
2022-11-30,0.07500000298023224,0.07999999821186066,0.07500000298023224,0.07999999821186066,100000
2022-12-01,0.07999999821186066,0.07999999821186066,0.07999999821186066,0.07999999821186066,75000
2022-12-02,0.07999999821186066,0.08500000089406967,0.07999999821186066,0.08500000089406967,267500
2022-12-05,0.09000000357627869,0.0949999988079071,0.09000000357627869,0.09000000357627869,977200
2022-12-06,0.09000000357627869,0.10000000149011612,0.09000000357627869,0.10000000149011612,5133000
2022-12-07,0.10000000149011612,0.11999999731779099,0.0949999988079071,0.10499999672174454,5967900
2022-12-08,0.10000000149011612,0.10000000149011612,0.10000000149011612,0.10000000149011612,854900
2022-12-09,0.10000000149011612,0.10999999940395355,0.10000000149011612,0.10999999940395355,8505000
2022-12-12,0.10999999940395355,0.11999999731779099,0.10499999672174454,0.10999999940395355,9861600
2022-12-13,0.10999999940395355,0.11500000208616257,0.10000000149011612,0.10999999940395355,3361700
2022-12-14,0.10999999940395355,0.12999999523162842,0.09000000357627869,0.10499999672174454,12043600
2022-12-15,0.10999999940395355,0.11500000208616257,0.10499999672174454,0.10999999940395355,2900300
2022-12-16,0.10499999672174454,0.10499999672174454,0.10000000149011612,0.10000000149011612,1820000
2022-12-19,0.10000000149011612,0.125,0.10000000149011612,0.10999999940395355,9184800
2022-12-20,0.10999999940395355,0.125,0.10499999672174454,0.11500000208616257,10909400
2022-12-21,0.10999999940395355,0.10999999940395355,0.10000000149011612,0.10999999940395355,4365600
2022-12-22,0.10499999672174454,0.10999999940395355,0.10499999672174454,0.10999999940395355,2160300
2022-12-23,0.10999999940395355,0.10999999940395355,0.10499999672174454,0.10499999672174454,2249600
2022-12-27,0.10499999672174454,0.10999999940395355,0.09000000357627869,0.0949999988079071,6434700
2022-12-28,0.10000000149011612,0.10499999672174454,0.0949999988079071,0.0949999988079071,6552500
2022-12-29,0.0949999988079071,0.10000000149011612,0.09000000357627869,0.0949999988079071,391400
2022-12-30,0.0949999988079071,0.10000000149011612,0.0949999988079071,0.0949999988079071,5216500
2023-01-03,0.10000000149011612,0.10000000149011612,0.0949999988079071,0.10000000149011612,5430000
2023-01-04,0.0949999988079071,0.10000000149011612,0.0949999988079071,0.10000000149011612,400200
2023-01-05,0.0949999988079071,0.10000000149011612,0.0949999988079071,0.0949999988079071,763100
2023-01-06,0.0949999988079071,0.10499999672174454,0.0949999988079071,0.10499999672174454,1434900
2023-01-09,0.10000000149011612,0.10499999672174454,0.10000000149011612,0.10499999672174454,632300
2023-01-10,0.10000000149011612,0.10999999940395355,0.0949999988079071,0.10000000149011612,5645800
2023-01-11,0.10000000149011612,0.10499999672174454,0.0949999988079071,0.10499999672174454,6389700
2023-01-12,0.10000000149011612,0.10000000149011612,0.09000000357627869,0.10000000149011612,6104400
2023-01-13,0.0949999988079071,0.0949999988079071,0.08500000089406967,0.09000000357627869,2541400
2023-01-16,0.08500000089406967,0.09000000357627869,0.08500000089406967,0.08500000089406967,1237600
2023-01-17,0.07999999821186066,0.09000000357627869,0.07999999821186066,0.08500000089406967,1151600
2023-01-18,0.08500000089406967,0.09000000357627869,0.07999999821186066,0.08500000089406967,1227200
2023-01-19,0.08500000089406967,0.09000000357627869,0.07999999821186066,0.08500000089406967,541400
2023-01-20,0.07999999821186066,0.09000000357627869,0.07999999821186066,0.09000000357627869,129100
2023-01-25,0.08500000089406967,0.0949999988079071,0.07999999821186066,0.09000000357627869,10171200
2023-01-26,0.08500000089406967,0.09000000357627869,0.07999999821186066,0.08500000089406967,2320400
2023-01-27,0.08500000089406967,0.09000000357627869,0.07000000029802322,0.07500000298023224,15161000
2023-01-30,0.07500000298023224,0.07999999821186066,0.07000000029802322,0.07999999821186066,3820400
2023-01-31,0.07999999821186066,0.07999999821186066,0.07500000298023224,0.07999999821186066,2937000
2023-02-02,0.07500000298023224,0.07999999821186066,0.07000000029802322,0.07500000298023224,4572100
2023-02-03,0.07000000029802322,0.07500000298023224,0.07000000029802322,0.07000000029802322,860500
2023-02-07,0.07000000029802322,0.07500000298023224,0.06499999761581421,0.07500000298023224,3682700
2023-02-08,0.07500000298023224,0.07500000298023224,0.07000000029802322,0.07000000029802322,1241500
2023-02-09,0.07500000298023224,0.07500000298023224,0.07000000029802322,0.07500000298023224,137900
2023-02-10,0.07000000029802322,0.07500000298023224,0.07000000029802322,0.07000000029802322,846400
2023-02-13,0.07000000029802322,0.07000000029802322,0.07000000029802322,0.07000000029802322,10000
2023-02-14,0.07000000029802322,0.07500000298023224,0.07000000029802322,0.07000000029802322,683200
2023-02-15,0.07500000298023224,0.07999999821186066,0.05999999865889549,0.06499999761581421,16619300
2023-02-16,0.06499999761581421,0.07000000029802322,0.06499999761581421,0.07000000029802322,565500
2023-02-17,0.07000000029802322,0.07000000029802322,0.06499999761581421,0.07000000029802322,107200
2023-02-20,0.06499999761581421,0.07000000029802322,0.05999999865889549,0.07000000029802322,1310400
2023-02-21,0.06499999761581421,0.07000000029802322,0.06499999761581421,0.07000000029802322,336300
2023-02-22,0.06499999761581421,0.07000000029802322,0.06499999761581421,0.07000000029802322,107600
2023-02-23,0.06499999761581421,0.07000000029802322,0.06499999761581421,0.07000000029802322,464000
2023-02-24,0.07000000029802322,0.07000000029802322,0.06499999761581421,0.07000000029802322,101100
2023-02-27,0.07000000029802322,0.07000000029802322,0.06499999761581421,0.06499999761581421,515100
2023-02-28,0.07000000029802322,0.07000000029802322,0.06499999761581421,0.07000000029802322,310300
2023-03-01,0.06499999761581421,0.07000000029802322,0.06499999761581421,0.07000000029802322,369500
2023-03-02,0.06499999761581421,0.07000000029802322,0.05999999865889549,0.06499999761581421,720300
2023-03-03,0.06499999761581421,0.07000000029802322,0.06499999761581421,0.06499999761581421,406200
2023-03-06,0.06499999761581421,0.06499999761581421,0.05999999865889549,0.06499999761581421,1210800
2023-03-07,0.06499999761581421,0.06499999761581421,0.06499999761581421,0.06499999761581421,366000
2023-03-08,0.06499999761581421,0.07000000029802322,0.05999999865889549,0.06499999761581421,342600
2023-03-09,0.06499999761581421,0.07000000029802322,0.05999999865889549,0.06499999761581421,1010600
2023-03-10,0.05999999865889549,0.06499999761581421,0.05999999865889549,0.06499999761581421,65000
2023-03-13,0.05999999865889549,0.05999999865889549,0.05999999865889549,0.05999999865889549,514500
2023-03-14,0.05999999865889549,0.06499999761581421,0.05999999865889549,0.05999999865889549,559400
2023-03-15,0.054999999701976776,0.06499999761581421,0.054999999701976776,0.06499999761581421,591100
2023-03-16,0.05999999865889549,0.06499999761581421,0.04500000178813934,0.04500000178813934,11671600
2023-03-17,0.04500000178813934,0.054999999701976776,0.04500000178813934,0.04500000178813934,8926800
2023-03-20,0.05000000074505806,0.05000000074505806,0.04500000178813934,0.04500000178813934,891500
2023-03-21,0.05000000074505806,0.05000000074505806,0.03500000014901161,0.03999999910593033,11673000
2023-03-22,0.03999999910593033,0.03999999910593033,0.03500000014901161,0.03999999910593033,567700
2023-03-23,0.03999999910593033,0.03999999910593033,0.03500000014901161,0.03500000014901161,187400
2023-03-24,0.03500000014901161,0.03500000014901161,0.03500000014901161,0.03500000014901161,2827800
2023-03-27,0.03500000014901161,0.03999999910593033,0.03500000014901161,0.03999999910593033,197500
2023-03-28,0.03500000014901161,0.04500000178813934,0.03500000014901161,0.03500000014901161,11750200
2023-03-29,0.03500000014901161,0.03500000014901161,0.029999999329447746,0.03500000014901161,840100
2023-03-30,0.03500000014901161,0.03999999910593033,0.029999999329447746,0.03500000014901161,5135600
2023-03-31,0.03500000014901161,0.03999999910593033,0.03500000014901161,0.03999999910593033,3924300
2023-04-03,0.03500000014901161,0.03500000014901161,0.029999999329447746,0.03500000014901161,1930000
2023-04-04,0.03500000014901161,0.03500000014901161,0.029999999329447746,0.03500000014901161,6857000
2023-04-05,0.029999999329447746,0.029999999329447746,0.029999999329447746,0.029999999329447746,2322300
2023-04-06,0.029999999329447746,0.029999999329447746,0.02500000037252903,0.029999999329447746,1770000
2023-04-07,0.029999999329447746,0.029999999329447746,0.029999999329447746,0.029999999329447746,387500
2023-04-10,0.029999999329447746,0.03500000014901161,0.02500000037252903,0.029999999329447746,2603100
2023-04-11,0.029999999329447746,0.029999999329447746,0.029999999329447746,0.029999999329447746,793300
2023-04-12,0.02500000037252903,0.03500000014901161,0.02500000037252903,0.029999999329447746,6098400
2023-04-13,0.029999999329447746,0.029999999329447746,0.029999999329447746,0.029999999329447746,999700
2023-04-14,0.029999999329447746,0.03500000014901161,0.029999999329447746,0.03500000014901161,1114000
2023-04-17,0.029999999329447746,0.03500000014901161,0.029999999329447746,0.029999999329447746,3015200
2023-04-18,0.029999999329447746,0.029999999329447746,0.029999999329447746,0.029999999329447746,364000
2023-04-19,0.03500000014901161,0.03500000014901161,0.029999999329447746,0.03500000014901161,926000
2023-04-20,0.03500000014901161,0.03500000014901161,0.03500000014901161,0.03500000014901161,11000
2023-04-25,0.03500000014901161,0.03500000014901161,0.029999999329447746,0.03500000014901161,206800
2023-04-26,0.03500000014901161,0.03500000014901161,0.029999999329447746,0.03500000014901161,382100
2023-04-27,0.03500000014901161,0.03500000014901161,0.029999999329447746,0.03500000014901161,136900
2023-04-28,0.03500000014901161,0.03500000014901161,0.029999999329447746,0.029999999329447746,418000
2023-05-02,0.03500000014901161,0.03500000014901161,0.029999999329447746,0.029999999329447746,125900
2023-05-03,0.029999999329447746,0.03500000014901161,0.029999999329447746,0.03500000014901161,2469400
2023-05-05,0.029999999329447746,0.029999999329447746,0.029999999329447746,0.029999999329447746,686000
2023-05-08,0.03500000014901161,0.03500000014901161,0.029999999329447746,0.029999999329447746,266300
2023-05-09,0.029999999329447746,0.029999999329447746,0.02500000037252903,0.029999999329447746,181000
2023-05-10,0.029999999329447746,0.029999999329447746,0.029999999329447746,0.029999999329447746,307000
2023-05-11,0.02500000037252903,0.029999999329447746,0.02500000037252903,0.029999999329447746,137600
2023-05-12,0.029999999329447746,0.029999999329447746,0.02500000037252903,0.029999999329447746,182400
2023-05-15,0.029999999329447746,0.029999999329447746,0.019999999552965164,0.02500000037252903,11652900
2023-05-16,0.02500000037252903,0.029999999329447746,0.02500000037252903,0.02500000037252903,3059400
2023-05-17,0.02500000037252903,0.029999999329447746,0.019999999552965164,0.02500000037252903,2117400
2023-05-18,0.02500000037252903,0.029999999329447746,0.019999999552965164,0.02500000037252903,4623300
2023-05-19,0.02500000037252903,0.029999999329447746,0.019999999552965164,0.02500000037252903,1560600
2023-05-22,0.02500000037252903,0.02500000037252903,0.02500000037252903,0.02500000037252903,4552200
2023-05-23,0.02500000037252903,0.02500000037252903,0.019999999552965164,0.02500000037252903,50700
2023-05-24,0.02500000037252903,0.02500000037252903,0.019999999552965164,0.02500000037252903,4903300
2023-05-25,0.02500000037252903,0.02500000037252903,0.019999999552965164,0.02500000037252903,2987900
2023-05-26,0.019999999552965164,0.02500000037252903,0.019999999552965164,0.02500000037252903,1418300
2023-05-29,0.019999999552965164,0.02500000037252903,0.019999999552965164,0.02500000037252903,1701600
2023-05-30,0.019999999552965164,0.02500000037252903,0.019999999552965164,0.019999999552965164,4172600
2023-05-31,0.019999999552965164,0.02500000037252903,0.014999999664723873,0.02500000037252903,8813900
2023-06-01,0.014999999664723873,0.02500000037252903,0.014999999664723873,0.02500000037252903,875700
2023-06-02,0.02500000037252903,0.02500000037252903,0.02500000037252903,0.02500000037252903,6761600
2023-06-06,0.02500000037252903,0.02500000037252903,0.019999999552965164,0.019999999552965164,2922000
2023-06-07,0.02500000037252903,0.029999999329447746,0.02500000037252903,0.029999999329447746,1233500
2023-06-08,0.029999999329447746,0.029999999329447746,0.02500000037252903,0.029999999329447746,753100
2023-06-09,0.029999999329447746,0.03500000014901161,0.029999999329447746,0.029999999329447746,3563300
2023-06-12,0.029999999329447746,0.03500000014901161,0.029999999329447746,0.029999999329447746,1820500
2023-06-13,0.029999999329447746,0.03500000014901161,0.02500000037252903,0.02500000037252903,766000
2023-06-14,0.029999999329447746,0.029999999329447746,0.02500000037252903,0.029999999329447746,68000
2023-06-15,0.029999999329447746,0.029999999329447746,0.02500000037252903,0.029999999329447746,197800
2023-06-16,0.029999999329447746,0.029999999329447746,0.02500000037252903,0.029999999329447746,75700
2023-06-19,0.02500000037252903,0.029999999329447746,0.02500000037252903,0.029999999329447746,19600
2023-06-20,0.029999999329447746,0.029999999329447746,0.029999999329447746,0.029999999329447746,301100
2023-06-21,0.02500000037252903,0.029999999329447746,0.02500000037252903,0.029999999329447746,151100
2023-06-22,0.029999999329447746,0.03500000014901161,0.02500000037252903,0.029999999329447746,446100
2023-06-23,0.02500000037252903,0.029999999329447746,0.02500000037252903,0.029999999329447746,122100
2023-06-26,0.029999999329447746,0.029999999329447746,0.02500000037252903,0.02500000037252903,46000
2023-06-27,0.02500000037252903,0.029999999329447746,0.02500000037252903,0.029999999329447746,350200
2023-06-28,0.029999999329447746,0.029999999329447746,0.02500000037252903,0.029999999329447746,170000
2023-06-30,0.029999999329447746,0.029999999329447746,0.02500000037252903,0.029999999329447746,47300
2023-07-03,0.029999999329447746,0.029999999329447746,0.02500000037252903,0.02500000037252903,99500
2023-07-04,0.029999999329447746,0.029999999329447746,0.029999999329447746,0.029999999329447746,100
2023-07-05,0.029999999329447746,0.029999999329447746,0.029999999329447746,0.029999999329447746,18700
2023-07-06,0.029999999329447746,0.029999999329447746,0.029999999329447746,0.029999999329447746,747100
2023-07-07,0.029999999329447746,0.03500000014901161,0.02500000037252903,0.03500000014901161,1532900
2023-07-10,0.03500000014901161,0.03500000014901161,0.03500000014901161,0.03500000014901161,108000
2023-07-11,0.03500000014901161,0.03500000014901161,0.03500000014901161,0.03500000014901161,129000
2023-07-12,0.029999999329447746,0.03500000014901161,0.029999999329447746,0.03500000014901161,700
2023-07-13,0.03500000014901161,0.03500000014901161,0.029999999329447746,0.03500000014901161,979500
2023-07-14,0.029999999329447746,0.03500000014901161,0.029999999329447746,0.03500000014901161,303200
2023-07-17,0.029999999329447746,0.03500000014901161,0.029999999329447746,0.03500000014901161,1280100
2023-07-18,0.029999999329447746,0.03500000014901161,0.029999999329447746,0.03500000014901161,199200
2023-07-20,0.029999999329447746,0.03500000014901161,0.029999999329447746,0.03500000014901161,922000
2023-07-21,0.029999999329447746,0.029999999329447746,0.029999999329447746,0.029999999329447746,231900
2023-07-24,0.029999999329447746,0.029999999329447746,0.029999999329447746,0.029999999329447746,213500
2023-07-25,0.029999999329447746,0.029999999329447746,0.029999999329447746,0.029999999329447746,41000
2023-07-26,0.029999999329447746,0.029999999329447746,0.02500000037252903,0.02500000037252903,8118800
2023-07-27,0.02500000037252903,0.029999999329447746,0.02500000037252903,0.029999999329447746,4669000
2023-07-28,0.02500000037252903,0.029999999329447746,0.02500000037252903,0.02500000037252903,5171000
2023-07-31,0.02500000037252903,0.02500000037252903,0.019999999552965164,0.02500000037252903,2163900
2023-08-01,0.019999999552965164,0.02500000037252903,0.019999999552965164,0.02500000037252903,340000
2023-08-02,0.02500000037252903,0.02500000037252903,0.019999999552965164,0.02500000037252903,241200
2023-08-03,0.02500000037252903,0.02500000037252903,0.019999999552965164,0.02500000037252903,1391700
2023-08-04,0.02500000037252903,0.02500000037252903,0.02500000037252903,0.02500000037252903,50200
2023-08-07,0.02500000037252903,0.02500000037252903,0.02500000037252903,0.02500000037252903,20000
2023-08-08,0.02500000037252903,0.02500000037252903,0.02500000037252903,0.02500000037252903,74000
2023-08-09,0.02500000037252903,0.02500000037252903,0.02500000037252903,0.02500000037252903,390000
2023-08-10,0.02500000037252903,0.02500000037252903,0.02500000037252903,0.02500000037252903,0
2023-08-11,0.02500000037252903,0.029999999329447746,0.02500000037252903,0.02500000037252903,5950800
2023-08-14,0.02500000037252903,0.02500000037252903,0.019999999552965164,0.02500000037252903,140900
2023-08-15,0.02500000037252903,0.02500000037252903,0.019999999552965164,0.02500000037252903,1349100
2023-08-16,0.019999999552965164,0.02500000037252903,0.019999999552965164,0.02500000037252903,5052800
2023-08-17,0.02500000037252903,0.02500000037252903,0.019999999552965164,0.02500000037252903,17122900
2023-08-18,0.019999999552965164,0.02500000037252903,0.019999999552965164,0.02500000037252903,425100
2023-08-21,0.02500000037252903,0.02500000037252903,0.019999999552965164,0.02500000037252903,1337000
2023-08-22,0.019999999552965164,0.02500000037252903,0.019999999552965164,0.02500000037252903,521300
2023-08-23,0.02500000037252903,0.02500000037252903,0.02500000037252903,0.02500000037252903,74000
2023-08-24,0.019999999552965164,0.02500000037252903,0.019999999552965164,0.02500000037252903,181000
2023-08-25,0.019999999552965164,0.02500000037252903,0.019999999552965164,0.02500000037252903,274800
2023-08-28,0.019999999552965164,0.02500000037252903,0.019999999552965164,0.02500000037252903,187100
2023-08-29,0.02500000037252903,0.02500000037252903,0.019999999552965164,0.02500000037252903,1277600
2023-08-30,0.02500000037252903,0.02500000037252903,0.02500000037252903,0.02500000037252903,5500
2023-09-01,0.02500000037252903,0.02500000037252903,0.019999999552965164,0.02500000037252903,141000
2023-09-04,0.02500000037252903,0.02500000037252903,0.02500000037252903,0.02500000037252903,160000
2023-09-05,0.02500000037252903,0.02500000037252903,0.019999999552965164,0.02500000037252903,71100
2023-09-06,0.02500000037252903,0.02500000037252903,0.02500000037252903,0.02500000037252903,22600
2023-09-07,0.019999999552965164,0.02500000037252903,0.019999999552965164,0.02500000037252903,503000
2023-09-08,0.02500000037252903,0.02500000037252903,0.02500000037252903,0.02500000037252903,639900
2023-09-11,0.02500000037252903,0.02500000037252903,0.02500000037252903,0.02500000037252903,2100
2023-09-12,0.02500000037252903,0.029999999329447746,0.019999999552965164,0.029999999329447746,28012100
2023-09-13,0.029999999329447746,0.029999999329447746,0.02500000037252903,0.029999999329447746,1351700
2023-09-14,0.02500000037252903,0.029999999329447746,0.02500000037252903,0.02500000037252903,5215900
2023-09-15,0.029999999329447746,0.029999999329447746,0.02500000037252903,0.029999999329447746,2004500
2023-09-18,0.029999999329447746,0.029999999329447746,0.02500000037252903,0.029999999329447746,78000
2023-09-19,0.02500000037252903,0.029999999329447746,0.02500000037252903,0.029999999329447746,2821600
2023-09-20,0.02500000037252903,0.029999999329447746,0.02500000037252903,0.029999999329447746,791000
2023-09-21,0.02500000037252903,0.029999999329447746,0.02500000037252903,0.029999999329447746,4108300
2023-09-22,0.02500000037252903,0.029999999329447746,0.02500000037252903,0.029999999329447746,2616000
2023-09-25,0.02500000037252903,0.029999999329447746,0.02500000037252903,0.029999999329447746,277500
2023-09-26,0.029999999329447746,0.029999999329447746,0.02500000037252903,0.029999999329447746,235000
2023-09-27,0.02500000037252903,0.029999999329447746,0.02500000037252903,0.029999999329447746,311000
2023-09-29,0.029999999329447746,0.029999999329447746,0.02500000037252903,0.029999999329447746,129500
2023-10-02,0.02500000037252903,0.02500000037252903,0.019999999552965164,0.019999999552965164,2495900
2023-10-03,0.02500000037252903,0.02500000037252903,0.02500000037252903,0.02500000037252903,1159800
2023-10-04,0.02500000037252903,0.029999999329447746,0.02500000037252903,0.029999999329447746,1415200
2023-10-05,0.019999999552965164,0.029999999329447746,0.019999999552965164,0.029999999329447746,917900
2023-10-06,0.02500000037252903,0.029999999329447746,0.02500000037252903,0.029999999329447746,501000
2023-10-09,0.02500000037252903,0.029999999329447746,0.02500000037252903,0.029999999329447746,51000
2023-10-10,0.02500000037252903,0.02500000037252903,0.02500000037252903,0.02500000037252903,605500
2023-10-11,0.02500000037252903,0.03500000014901161,0.02500000037252903,0.029999999329447746,13947400
2023-10-12,0.029999999329447746,0.03500000014901161,0.029999999329447746,0.03500000014901161,1433700
2023-10-13,0.029999999329447746,0.03500000014901161,0.02500000037252903,0.029999999329447746,5910600
2023-10-16,0.03500000014901161,0.06499999761581421,0.029999999329447746,0.05999999865889549,109241600
2023-10-17,0.05999999865889549,0.07999999821186066,0.05999999865889549,0.07500000298023224,60330200
2023-10-18,0.07500000298023224,0.07999999821186066,0.05999999865889549,0.06499999761581421,33771100
2023-10-19,0.06499999761581421,0.07999999821186066,0.05999999865889549,0.07999999821186066,41399200
2023-10-20,0.08500000089406967,0.11500000208616257,0.07500000298023224,0.07999999821186066,181201600
2023-10-23,0.07500000298023224,0.09000000357627869,0.07500000298023224,0.08500000089406967,28388800
2023-10-24,0.08500000089406967,0.09000000357627869,0.07999999821186066,0.08500000089406967,24906900
2023-10-25,0.08500000089406967,0.08500000089406967,0.07500000298023224,0.07999999821186066,12677100
2023-10-26,0.07999999821186066,0.10499999672174454,0.07500000298023224,0.10000000149011612,46698800
2023-10-27,0.10000000149011612,0.10499999672174454,0.09000000357627869,0.09000000357627869,25591900
2023-10-30,0.07999999821186066,0.09000000357627869,0.07500000298023224,0.09000000357627869,24854500
2023-10-31,0.09000000357627869,0.10000000149011612,0.09000000357627869,0.09000000357627869,22385200
2023-11-01,0.09000000357627869,0.0949999988079071,0.08500000089406967,0.09000000357627869,11652700
2023-11-02,0.09000000357627869,0.09000000357627869,0.07000000029802322,0.07999999821186066,31468400
2023-11-03,0.07500000298023224,0.07999999821186066,0.05999999865889549,0.07000000029802322,66672600
2023-11-06,0.07000000029802322,0.07500000298023224,0.06499999761581421,0.07000000029802322,7294300
2023-11-07,0.07000000029802322,0.07000000029802322,0.05999999865889549,0.06499999761581421,13478400
2023-11-08,0.06499999761581421,0.08500000089406967,0.05999999865889549,0.07999999821186066,59607200
2023-11-09,0.07999999821186066,0.07999999821186066,0.07000000029802322,0.07500000298023224,13945100
2023-11-10,0.07500000298023224,0.07500000298023224,0.07000000029802322,0.07000000029802322,6392100
2023-11-14,0.06499999761581421,0.07000000029802322,0.05999999865889549,0.06499999761581421,33852300
2023-11-15,0.06499999761581421,0.07000000029802322,0.05999999865889549,0.06499999761581421,8126300
2023-11-16,0.06499999761581421,0.07000000029802322,0.05999999865889549,0.06499999761581421,16196800
2023-11-17,0.06499999761581421,0.07000000029802322,0.05999999865889549,0.06499999761581421,5066900
2023-11-20,0.06499999761581421,0.07000000029802322,0.05999999865889549,0.06499999761581421,3826500
2023-11-21,0.06499999761581421,0.07500000298023224,0.06499999761581421,0.07000000029802322,19497300
2023-11-22,0.07000000029802322,0.07000000029802322,0.06499999761581421,0.06499999761581421,2266700
2023-11-23,0.06499999761581421,0.07000000029802322,0.06499999761581421,0.06499999761581421,1606100
2023-11-24,0.07000000029802322,0.07000000029802322,0.05999999865889549,0.06499999761581421,11008700
2023-11-27,0.06499999761581421,0.06499999761581421,0.05999999865889549,0.06499999761581421,7252000
2023-11-28,0.06499999761581421,0.06499999761581421,0.05999999865889549,0.06499999761581421,1235900
2023-11-29,0.06499999761581421,0.06499999761581421,0.05999999865889549,0.05999999865889549,1538500
2023-11-30,0.05999999865889549,0.06499999761581421,0.05999999865889549,0.05999999865889549,2146100
2023-12-01,0.05999999865889549,0.06499999761581421,0.054999999701976776,0.05999999865889549,12862700
2023-12-04,0.05999999865889549,0.05999999865889549,0.054999999701976776,0.05999999865889549,2030500
2023-12-05,0.054999999701976776,0.05999999865889549,0.05000000074505806,0.054999999701976776,8879200
2023-12-06,0.054999999701976776,0.05999999865889549,0.05000000074505806,0.054999999701976776,2759100
2023-12-07,0.054999999701976776,0.07000000029802322,0.054999999701976776,0.07000000029802322,12023500
2023-12-08,0.07000000029802322,0.0949999988079071,0.07000000029802322,0.07999999821186066,65098900
2023-12-11,0.08500000089406967,0.08500000089406967,0.07500000298023224,0.07500000298023224,9618700
2023-12-12,0.07999999821186066,0.10000000149011612,0.07500000298023224,0.09000000357627869,72474200
2023-12-13,0.09000000357627869,0.0949999988079071,0.07999999821186066,0.07999999821186066,32926100
2023-12-14,0.08500000089406967,0.09000000357627869,0.07999999821186066,0.08500000089406967,17249600
2023-12-15,0.08500000089406967,0.08500000089406967,0.07500000298023224,0.08500000089406967,14540200
2023-12-18,0.08500000089406967,0.09000000357627869,0.07999999821186066,0.08500000089406967,16945900
2023-12-19,0.08500000089406967,0.10499999672174454,0.07999999821186066,0.0949999988079071,55999500
2023-12-20,0.0949999988079071,0.10000000149011612,0.09000000357627869,0.0949999988079071,22843500
2023-12-21,0.0949999988079071,0.0949999988079071,0.08500000089406967,0.09000000357627869,13578000
2023-12-22,0.09000000357627869,0.09000000357627869,0.08500000089406967,0.09000000357627869,4193400
2023-12-26,0.09000000357627869,0.10499999672174454,0.09000000357627869,0.10000000149011612,51869400
2023-12-27,0.10499999672174454,0.10999999940395355,0.10499999672174454,0.10499999672174454,30369800
2023-12-28,0.10999999940395355,0.10999999940395355,0.0949999988079071,0.10999999940395355,28838400
2023-12-29,0.10999999940395355,0.10999999940395355,0.10000000149011612,0.10499999672174454,18780600
2024-01-02,0.10499999672174454,0.10999999940395355,0.0949999988079071,0.0949999988079071,18656600
2024-01-03,0.0949999988079071,0.10999999940395355,0.0949999988079071,0.10499999672174454,15289100
2024-01-04,0.10499999672174454,0.14499999582767487,0.10499999672174454,0.14000000059604645,138505700
2024-01-05,0.14000000059604645,0.14000000059604645,0.11999999731779099,0.125,61264700
2024-01-08,0.125,0.13500000536441803,0.11999999731779099,0.12999999523162842,24465800
2024-01-09,0.13500000536441803,0.15000000596046448,0.125,0.125,103783300
2024-01-10,0.12999999523162842,0.13500000536441803,0.11999999731779099,0.125,27313900
2024-01-11,0.125,0.12999999523162842,0.10999999940395355,0.11500000208616257,20454600
2024-01-12,0.11500000208616257,0.125,0.10000000149011612,0.10999999940395355,37108700
2024-01-15,0.10499999672174454,0.11500000208616257,0.0949999988079071,0.10000000149011612,35381700
2024-01-16,0.10000000149011612,0.10999999940395355,0.07500000298023224,0.09000000357627869,53695700
2024-01-17,0.09000000357627869,0.0949999988079071,0.07999999821186066,0.08500000089406967,12129400
2024-01-18,0.09000000357627869,0.10000000149011612,0.08500000089406967,0.09000000357627869,19132200
2024-01-19,0.09000000357627869,0.10999999940395355,0.09000000357627869,0.10499999672174454,28523000
2024-01-22,0.10999999940395355,0.11500000208616257,0.10499999672174454,0.10499999672174454,16122800
2024-01-23,0.10499999672174454,0.10999999940395355,0.10000000149011612,0.10499999672174454,12408000
2024-01-24,0.10000000149011612,0.10499999672174454,0.0949999988079071,0.10000000149011612,8726300
2024-01-26,0.10000000149011612,0.10499999672174454,0.0949999988079071,0.0949999988079071,4896100
2024-01-29,0.0949999988079071,0.10000000149011612,0.0949999988079071,0.0949999988079071,3100400
2024-01-30,0.0949999988079071,0.0949999988079071,0.08500000089406967,0.08500000089406967,11160800
2024-01-31,0.08500000089406967,0.10000000149011612,0.08500000089406967,0.09000000357627869,9609500
2024-02-02,0.0949999988079071,0.0949999988079071,0.08500000089406967,0.08500000089406967,4823000
2024-02-05,0.09000000357627869,0.0949999988079071,0.08500000089406967,0.09000000357627869,4098900
2024-02-06,0.09000000357627869,0.09000000357627869,0.08500000089406967,0.09000000357627869,1543000
2024-02-07,0.09000000357627869,0.09000000357627869,0.08500000089406967,0.09000000357627869,1012600
2024-02-08,0.09000000357627869,0.09000000357627869,0.07999999821186066,0.09000000357627869,7296200
2024-02-09,0.09000000357627869,0.09000000357627869,0.08500000089406967,0.08500000089406967,2231100
2024-02-13,0.09000000357627869,0.0949999988079071,0.08500000089406967,0.0949999988079071,2495600
2024-02-14,0.09000000357627869,0.0949999988079071,0.09000000357627869,0.09000000357627869,4362300
2024-02-15,0.09000000357627869,0.10499999672174454,0.09000000357627869,0.10000000149011612,9980600
2024-02-16,0.10499999672174454,0.10499999672174454,0.0949999988079071,0.10000000149011612,13470100
2024-02-19,0.10000000149011612,0.10499999672174454,0.09000000357627869,0.09000000357627869,14101300
2024-02-20,0.09000000357627869,0.10000000149011612,0.09000000357627869,0.09000000357627869,9212600
2024-02-21,0.09000000357627869,0.0949999988079071,0.09000000357627869,0.09000000357627869,1967900
2024-02-22,0.09000000357627869,0.0949999988079071,0.08500000089406967,0.09000000357627869,10458100
2024-02-23,0.09000000357627869,0.09000000357627869,0.08500000089406967,0.08500000089406967,1633200
2024-02-26,0.08500000089406967,0.0949999988079071,0.08500000089406967,0.09000000357627869,4456900
2024-02-27,0.09000000357627869,0.09000000357627869,0.08500000089406967,0.08500000089406967,2559400
2024-02-28,0.08500000089406967,0.09000000357627869,0.07999999821186066,0.08500000089406967,5363100
2024-02-29,0.08500000089406967,0.08500000089406967,0.07999999821186066,0.08500000089406967,3946200
2024-03-01,0.09000000357627869,0.09000000357627869,0.07999999821186066,0.08500000089406967,1550200
2024-03-04,0.08500000089406967,0.08500000089406967,0.08500000089406967,0.08500000089406967,1282700
2024-03-05,0.07999999821186066,0.08500000089406967,0.07999999821186066,0.07999999821186066,4293400
2024-03-06,0.07999999821186066,0.08500000089406967,0.07999999821186066,0.08500000089406967,829100
2024-03-07,0.07999999821186066,0.08500000089406967,0.07500000298023224,0.07999999821186066,1335900
2024-03-08,0.07999999821186066,0.07999999821186066,0.07500000298023224,0.07999999821186066,761500
2024-03-11,0.07999999821186066,0.07999999821186066,0.07500000298023224,0.07999999821186066,3497000
2024-03-12,0.07500000298023224,0.08500000089406967,0.07500000298023224,0.07999999821186066,5430000
2024-03-13,0.07999999821186066,0.07999999821186066,0.07500000298023224,0.07500000298023224,4038700
2024-03-14,0.07500000298023224,0.07999999821186066,0.07000000029802322,0.07500000298023224,2841900
2024-03-15,0.07500000298023224,0.08500000089406967,0.07000000029802322,0.07500000298023224,12306300
2024-03-18,0.07500000298023224,0.07999999821186066,0.07500000298023224,0.07500000298023224,5548300
2024-03-19,0.07500000298023224,0.07500000298023224,0.07000000029802322,0.07500000298023224,827500
2024-03-20,0.07500000298023224,0.07999999821186066,0.07000000029802322,0.07500000298023224,3511100
2024-03-21,0.07500000298023224,0.08500000089406967,0.07500000298023224,0.07999999821186066,6684400
2024-03-22,0.07999999821186066,0.07999999821186066,0.07500000298023224,0.07500000298023224,1068800
2024-03-25,0.07500000298023224,0.07999999821186066,0.07500000298023224,0.07999999821186066,131000
2024-03-26,0.07500000298023224,0.07999999821186066,0.07000000029802322,0.07999999821186066,5417000
2024-03-27,0.07999999821186066,0.07999999821186066,0.07000000029802322,0.07500000298023224,949200
2024-03-29,0.07500000298023224,0.09000000357627869,0.07000000029802322,0.08500000089406967,13293900
2024-04-01,0.08500000089406967,0.08500000089406967,0.07999999821186066,0.08500000089406967,1698300
2024-04-02,0.07999999821186066,0.08500000089406967,0.07999999821186066,0.08500000089406967,4391600
2024-04-03,0.07999999821186066,0.07999999821186066,0.07500000298023224,0.07999999821186066,4062800
2024-04-04,0.07500000298023224,0.07999999821186066,0.07500000298023224,0.07999999821186066,1518100
2024-04-05,0.07500000298023224,0.07999999821186066,0.07000000029802322,0.07999999821186066,5727100
2024-04-08,0.07999999821186066,0.07999999821186066,0.07500000298023224,0.07999999821186066,1553400
2024-04-09,0.07500000298023224,0.07500000298023224,0.07500000298023224,0.07500000298023224,1426500
2024-04-12,0.07500000298023224,0.07999999821186066,0.07500000298023224,0.07999999821186066,862800
2024-04-15,0.07500000298023224,0.07999999821186066,0.07000000029802322,0.07999999821186066,1411200
2024-04-16,0.07500000298023224,0.07500000298023224,0.07000000029802322,0.07500000298023224,1096200
2024-04-17,0.07500000298023224,0.07500000298023224,0.07000000029802322,0.07000000029802322,1092000
2024-04-18,0.07500000298023224,0.07500000298023224,0.07000000029802322,0.07000000029802322,740700
2024-04-19,0.07000000029802322,0.07500000298023224,0.07000000029802322,0.07000000029802322,3462800
2024-04-22,0.07000000029802322,0.07500000298023224,0.07000000029802322,0.07500000298023224,2031600
2024-04-23,0.07000000029802322,0.07500000298023224,0.07000000029802322,0.07500000298023224,2336900
2024-04-24,0.07500000298023224,0.07500000298023224,0.06499999761581421,0.07500000298023224,1574400
2024-04-25,0.07000000029802322,0.07500000298023224,0.07000000029802322,0.07500000298023224,562300
2024-04-26,0.07000000029802322,0.07000000029802322,0.06499999761581421,0.07000000029802322,2670300
2024-04-29,0.07000000029802322,0.07500000298023224,0.07000000029802322,0.07500000298023224,611200
2024-04-30,0.07500000298023224,0.07500000298023224,0.07000000029802322,0.07500000298023224,524000
2024-05-02,0.07000000029802322,0.07000000029802322,0.06499999761581421,0.07000000029802322,1404100
2024-05-03,0.07000000029802322,0.07000000029802322,0.06499999761581421,0.07000000029802322,440400
2024-05-06,0.07000000029802322,0.07000000029802322,0.06499999761581421,0.07000000029802322,1175500
2024-05-07,0.07000000029802322,0.07000000029802322,0.05999999865889549,0.06499999761581421,5115500
2024-05-08,0.05999999865889549,0.05999999865889549,0.054999999701976776,0.05999999865889549,10555900
2024-05-09,0.05999999865889549,0.06499999761581421,0.05999999865889549,0.05999999865889549,3009600
2024-05-10,0.05999999865889549,0.06499999761581421,0.054999999701976776,0.06499999761581421,1468000
2024-05-13,0.05999999865889549,0.05999999865889549,0.054999999701976776,0.05999999865889549,1527000
2024-05-14,0.054999999701976776,0.05999999865889549,0.05000000074505806,0.05999999865889549,5419900
2024-05-15,0.054999999701976776,0.05999999865889549,0.054999999701976776,0.054999999701976776,1653600
2024-05-16,0.054999999701976776,0.05999999865889549,0.054999999701976776,0.05999999865889549,795700
2024-05-17,0.05999999865889549,0.05999999865889549,0.054999999701976776,0.05999999865889549,1564800
2024-05-20,0.054999999701976776,0.06499999761581421,0.054999999701976776,0.05999999865889549,5215000
2024-05-21,0.06499999761581421,0.06499999761581421,0.054999999701976776,0.054999999701976776,3644100
2024-05-23,0.05999999865889549,0.06499999761581421,0.054999999701976776,0.05999999865889549,9353700
2024-05-24,0.05999999865889549,0.06499999761581421,0.05999999865889549,0.06499999761581421,1924000
2024-05-27,0.05999999865889549,0.06499999761581421,0.054999999701976776,0.05999999865889549,965900
2024-05-28,0.05999999865889549,0.05999999865889549,0.054999999701976776,0.05999999865889549,871700
2024-05-29,0.05999999865889549,0.05999999865889549,0.054999999701976776,0.05999999865889549,871100
2024-05-30,0.05999999865889549,0.05999999865889549,0.054999999701976776,0.05999999865889549,1144600
2024-05-31,0.054999999701976776,0.054999999701976776,0.054999999701976776,0.054999999701976776,1811500
2024-06-04,0.054999999701976776,0.054999999701976776,0.05000000074505806,0.054999999701976776,3373600
2024-06-05,0.054999999701976776,0.054999999701976776,0.05000000074505806,0.054999999701976776,660200
2024-06-06,0.054999999701976776,0.054999999701976776,0.05000000074505806,0.054999999701976776,761700
2024-06-07,0.05000000074505806,0.06499999761581421,0.05000000074505806,0.05999999865889549,8498200
2024-06-10,0.05999999865889549,0.06499999761581421,0.054999999701976776,0.05999999865889549,6692400
2024-06-11,0.05999999865889549,0.06499999761581421,0.05999999865889549,0.06499999761581421,1992100
2024-06-12,0.05999999865889549,0.06499999761581421,0.054999999701976776,0.05999999865889549,4597400
2024-06-13,0.054999999701976776,0.05999999865889549,0.054999999701976776,0.05999999865889549,785700
2024-06-14,0.05999999865889549,0.07500000298023224,0.05999999865889549,0.07000000029802322,17843200
2024-06-18,0.06499999761581421,0.07000000029802322,0.06499999761581421,0.06499999761581421,2533300
2024-06-19,0.06499999761581421,0.07000000029802322,0.05999999865889549,0.05999999865889549,4618300
2024-06-20,0.05999999865889549,0.05999999865889549,0.054999999701976776,0.054999999701976776,12761400
2024-06-21,0.05999999865889549,0.05999999865889549,0.054999999701976776,0.054999999701976776,1653600
2024-06-24,0.054999999701976776,0.05999999865889549,0.054999999701976776,0.054999999701976776,421300
2024-06-25,0.05999999865889549,0.05999999865889549,0.054999999701976776,0.054999999701976776,739300
2024-06-26,0.054999999701976776,0.05999999865889549,0.05000000074505806,0.05999999865889549,6261700
2024-06-27,0.05999999865889549,0.05999999865889549,0.054999999701976776,0.054999999701976776,780000
2024-06-28,0.054999999701976776,0.05999999865889549,0.054999999701976776,0.05999999865889549,553800
2024-07-01,0.054999999701976776,0.05999999865889549,0.054999999701976776,0.054999999701976776,5072800
2024-07-02,0.054999999701976776,0.05999999865889549,0.05000000074505806,0.05999999865889549,1863600
2024-07-03,0.054999999701976776,0.05999999865889549,0.054999999701976776,0.05999999865889549,1822100
2024-07-04,0.05999999865889549,0.05999999865889549,0.054999999701976776,0.054999999701976776,1166800
2024-07-05,0.054999999701976776,0.05999999865889549,0.054999999701976776,0.05999999865889549,2405700
2024-07-09,0.054999999701976776,0.05999999865889549,0.054999999701976776,0.054999999701976776,3462500
2024-07-10,0.054999999701976776,0.05999999865889549,0.054999999701976776,0.05999999865889549,1483400
2024-07-11,0.054999999701976776,0.05999999865889549,0.054999999701976776,0.054999999701976776,1009400
2024-07-12,0.054999999701976776,0.05999999865889549,0.054999999701976776,0.05999999865889549,1380800
2024-07-15,0.05999999865889549,0.05999999865889549,0.054999999701976776,0.05999999865889549,397500
2024-07-16,0.054999999701976776,0.05999999865889549,0.054999999701976776,0.05999999865889549,159100
2024-07-17,0.054999999701976776,0.05999999865889549,0.054999999701976776,0.05999999865889549,607200
2024-07-18,0.054999999701976776,0.05999999865889549,0.054999999701976776,0.05999999865889549,650100
2024-07-19,0.05999999865889549,0.05999999865889549,0.054999999701976776,0.05999999865889549,294700
2024-07-22,0.054999999701976776,0.05999999865889549,0.054999999701976776,0.05999999865889549,3713300
2024-07-23,0.054999999701976776,0.05999999865889549,0.054999999701976776,0.05999999865889549,145800
2024-07-24,0.054999999701976776,0.05999999865889549,0.054999999701976776,0.05999999865889549,540000
2024-07-25,0.05000000074505806,0.054999999701976776,0.05000000074505806,0.054999999701976776,1013800
2024-07-26,0.054999999701976776,0.054999999701976776,0.05000000074505806,0.054999999701976776,70300
2024-07-29,0.054999999701976776,0.054999999701976776,0.05000000074505806,0.054999999701976776,1027400
2024-07-30,0.05000000074505806,0.05000000074505806,0.04500000178813934,0.05000000074505806,6759800
2024-07-31,0.05000000074505806,0.05000000074505806,0.03999999910593033,0.04500000178813934,16742900
2024-08-01,0.03999999910593033,0.04500000178813934,0.03500000014901161,0.03999999910593033,23725700
2024-08-02,0.03999999910593033,0.03999999910593033,0.03500000014901161,0.03500000014901161,5649000
2024-08-05,0.029999999329447746,0.03500000014901161,0.029999999329447746,0.029999999329447746,8213700
2024-08-06,0.029999999329447746,0.03500000014901161,0.029999999329447746,0.029999999329447746,637000
2024-08-07,0.029999999329447746,0.03500000014901161,0.029999999329447746,0.03500000014901161,597800
2024-08-08,0.03500000014901161,0.03500000014901161,0.029999999329447746,0.029999999329447746,744000
2024-08-09,0.029999999329447746,0.03500000014901161,0.029999999329447746,0.03500000014901161,148200
2024-08-12,0.03500000014901161,0.03500000014901161,0.029999999329447746,0.029999999329447746,1097100
2024-08-13,0.03500000014901161,0.03500000014901161,0.029999999329447746,0.029999999329447746,191500
2024-08-14,0.03500000014901161,0.03500000014901161,0.029999999329447746,0.03500000014901161,1392400
2024-08-15,0.03500000014901161,0.03999999910593033,0.03500000014901161,0.03999999910593033,1398700
2024-08-16,0.03999999910593033,0.04500000178813934,0.03500000014901161,0.04500000178813934,2110500
2024-08-19,0.04500000178813934,0.04500000178813934,0.03999999910593033,0.04500000178813934,1233600
2024-08-20,0.04500000178813934,0.04500000178813934,0.03999999910593033,0.03999999910593033,883500
2024-08-21,0.03999999910593033,0.03999999910593033,0.03500000014901161,0.03999999910593033,116100
2024-08-22,0.03999999910593033,0.03999999910593033,0.03999999910593033,0.03999999910593033,26500
2024-08-23,0.03999999910593033,0.03999999910593033,0.03999999910593033,0.03999999910593033,10500
2024-08-26,0.03999999910593033,0.03999999910593033,0.03500000014901161,0.03500000014901161,3000
2024-08-27,0.03500000014901161,0.03500000014901161,0.03500000014901161,0.03500000014901161,1226000
2024-08-28,0.03500000014901161,0.03500000014901161,0.03500000014901161,0.03500000014901161,539900
2024-08-29,0.029999999329447746,0.03999999910593033,0.029999999329447746,0.03500000014901161,41000
2024-08-30,0.029999999329447746,0.03500000014901161,0.029999999329447746,0.03500000014901161,598100
2024-09-02,0.03500000014901161,0.03999999910593033,0.03500000014901161,0.03999999910593033,461100
2024-09-03,0.03500000014901161,0.03999999910593033,0.03500000014901161,0.03999999910593033,4100
2024-09-04,0.03500000014901161,0.03999999910593033,0.03500000014901161,0.03999999910593033,215300
2024-09-05,0.03500000014901161,0.03500000014901161,0.03500000014901161,0.03500000014901161,1016500
2024-09-06,0.03500000014901161,0.03999999910593033,0.03500000014901161,0.03999999910593033,336500
2024-09-09,0.03500000014901161,0.03500000014901161,0.03500000014901161,0.03500000014901161,240000
2024-09-10,0.03500000014901161,0.03500000014901161,0.029999999329447746,0.03500000014901161,205100
2024-09-11,0.029999999329447746,0.03500000014901161,0.029999999329447746,0.03500000014901161,60200
2024-09-12,0.03500000014901161,0.03500000014901161,0.03500000014901161,0.03500000014901161,0
2024-09-13,0.03500000014901161,0.03500000014901161,0.029999999329447746,0.029999999329447746,126600
2024-09-17,0.029999999329447746,0.03500000014901161,0.029999999329447746,0.03500000014901161,211000
2024-09-18,0.03500000014901161,0.03500000014901161,0.03500000014901161,0.03500000014901161,5200
2024-09-19,0.029999999329447746,0.03500000014901161,0.029999999329447746,0.03500000014901161,16600
2024-09-20,0.029999999329447746,0.03500000014901161,0.029999999329447746,0.03500000014901161,117100
2024-09-23,0.029999999329447746,0.03500000014901161,0.029999999329447746,0.029999999329447746,74800
2024-09-24,0.029999999329447746,0.029999999329447746,0.029999999329447746,0.029999999329447746,22200
2024-09-25,0.029999999329447746,0.03500000014901161,0.029999999329447746,0.029999999329447746,1332800
2024-09-26,0.029999999329447746,0.029999999329447746,0.029999999329447746,0.029999999329447746,222100
2024-09-27,0.029999999329447746,0.03500000014901161,0.029999999329447746,0.03500000014901161,24100
2024-09-30,0.03500000014901161,0.03500000014901161,0.029999999329447746,0.029999999329447746,680500
2024-10-01,0.029999999329447746,0.029999999329447746,0.029999999329447746,0.029999999329447746,627900
2024-10-02,0.029999999329447746,0.029999999329447746,0.02500000037252903,0.029999999329447746,183200
2024-10-03,0.029999999329447746,0.029999999329447746,0.02500000037252903,0.029999999329447746,170500
2024-10-04,0.02500000037252903,0.029999999329447746,0.02500000037252903,0.029999999329447746,75000
2024-10-07,0.029999999329447746,0.029999999329447746,0.029999999329447746,0.029999999329447746,40100
2024-10-08,0.029999999329447746,0.029999999329447746,0.029999999329447746,0.029999999329447746,20000
2024-10-09,0.029999999329447746,0.029999999329447746,0.029999999329447746,0.029999999329447746,0
2024-10-10,0.02500000037252903,0.029999999329447746,0.02500000037252903,0.029999999329447746,447600
2024-10-11,0.02500000037252903,0.02500000037252903,0.02500000037252903,0.02500000037252903,62200
2024-10-14,0.029999999329447746,0.029999999329447746,0.029999999329447746,0.029999999329447746,2300
2024-10-15,0.029999999329447746,0.029999999329447746,0.02500000037252903,0.02500000037252903,89000
2024-10-16,0.02500000037252903,0.02500000037252903,0.02500000037252903,0.02500000037252903,0
2024-10-17,0.02500000037252903,0.029999999329447746,0.02500000037252903,0.029999999329447746,58000
2024-10-18,0.029999999329447746,0.029999999329447746,0.029999999329447746,0.029999999329447746,10000
2024-10-21,0.02500000037252903,0.02500000037252903,0.02500000037252903,0.02500000037252903,470000
2024-10-22,0.02500000037252903,0.02500000037252903,0.02500000037252903,0.02500000037252903,344100
2024-10-23,0.02500000037252903,0.02500000037252903,0.02500000037252903,0.02500000037252903,449600
2024-10-24,0.02500000037252903,0.02500000037252903,0.02500000037252903,0.02500000037252903,24000
2024-10-25,0.02500000037252903,0.029999999329447746,0.02500000037252903,0.029999999329447746,41500
2024-10-28,0.02500000037252903,0.02500000037252903,0.019999999552965164,0.02500000037252903,2744400
2024-10-29,0.02500000037252903,0.029999999329447746,0.02500000037252903,0.029999999329447746,378800
2024-10-30,0.02500000037252903,0.02500000037252903,0.02500000037252903,0.02500000037252903,2000
2024-11-01,0.02500000037252903,0.02500000037252903,0.02500000037252903,0.02500000037252903,260000
2024-11-04,0.02500000037252903,0.02500000037252903,0.02500000037252903,0.02500000037252903,74000
2024-11-05,0.02500000037252903,0.02500000037252903,0.02500000037252903,0.02500000037252903,54100
2024-11-06,0.02500000037252903,0.02500000037252903,0.02500000037252903,0.02500000037252903,10000
2024-11-07,0.029999999329447746,0.029999999329447746,0.029999999329447746,0.029999999329447746,56800
2024-11-08,0.029999999329447746,0.029999999329447746,0.02500000037252903,0.02500000037252903,13200
2024-11-11,0.02500000037252903,0.02500000037252903,0.02500000037252903,0.02500000037252903,100
2024-11-12,0.02500000037252903,0.02500000037252903,0.02500000037252903,0.02500000037252903,303100
2024-11-13,0.02500000037252903,0.02500000037252903,0.019999999552965164,0.02500000037252903,749100
2024-11-14,0.019999999552965164,0.02500000037252903,0.019999999552965164,0.02500000037252903,885900
2024-11-15,0.02500000037252903,0.02500000037252903,0.019999999552965164,0.02500000037252903,805100
2024-11-18,0.019999999552965164,0.019999999552965164,0.019999999552965164,0.019999999552965164,128200
2024-11-19,0.019999999552965164,0.02500000037252903,0.019999999552965164,0.02500000037252903,150400
2024-11-20,0.019999999552965164,0.019999999552965164,0.019999999552965164,0.019999999552965164,61000
2024-11-21,0.019999999552965164,0.02500000037252903,0.019999999552965164,0.02500000037252903,1177700
2024-11-22,0.029999999329447746,0.029999999329447746,0.02500000037252903,0.029999999329447746,76900
2024-11-25,0.029999999329447746,0.029999999329447746,0.02500000037252903,0.029999999329447746,75000
2024-11-26,0.02500000037252903,0.02500000037252903,0.02500000037252903,0.02500000037252903,106400
2024-11-27,0.02500000037252903,0.029999999329447746,0.019999999552965164,0.02500000037252903,529900
2024-11-28,0.02500000037252903,0.02500000037252903,0.019999999552965164,0.02500000037252903,58300
2024-11-29,0.02500000037252903,0.02500000037252903,0.02500000037252903,0.02500000037252903,30600
2024-12-02,0.02500000037252903,0.029999999329447746,0.02500000037252903,0.029999999329447746,187800
2024-12-03,0.029999999329447746,0.029999999329447746,0.02500000037252903,0.029999999329447746,28300
2024-12-04,0.029999999329447746,0.029999999329447746,0.029999999329447746,0.029999999329447746,100
2024-12-05,0.029999999329447746,0.03500000014901161,0.029999999329447746,0.03500000014901161,851500
2024-12-06,0.03500000014901161,0.03500000014901161,0.029999999329447746,0.03500000014901161,398300
2024-12-09,0.029999999329447746,0.029999999329447746,0.029999999329447746,0.029999999329447746,229400
2024-12-10,0.029999999329447746,0.03500000014901161,0.029999999329447746,0.03500000014901161,666500
2024-12-11,0.029999999329447746,0.029999999329447746,0.029999999329447746,0.029999999329447746,148000
2024-12-12,0.03500000014901161,0.03500000014901161,0.029999999329447746,0.03500000014901161,12900
2024-12-13,0.029999999329447746,0.029999999329447746,0.029999999329447746,0.029999999329447746,245700
2024-12-16,0.029999999329447746,0.03500000014901161,0.029999999329447746,0.03500000014901161,30100
2024-12-17,0.029999999329447746,0.029999999329447746,0.029999999329447746,0.029999999329447746,496600
2024-12-18,0.029999999329447746,0.029999999329447746,0.029999999329447746,0.029999999329447746,234900
2024-12-19,0.029999999329447746,0.029999999329447746,0.029999999329447746,0.029999999329447746,166900
2024-12-20,0.029999999329447746,0.03500000014901161,0.029999999329447746,0.029999999329447746,423600
2024-12-23,0.029999999329447746,0.029999999329447746,0.029999999329447746,0.029999999329447746,16000
2024-12-24,0.029999999329447746,0.029999999329447746,0.029999999329447746,0.029999999329447746,145000
2024-12-26,0.029999999329447746,0.03500000014901161,0.029999999329447746,0.03500000014901161,58300
2024-12-27,0.029999999329447746,0.029999999329447746,0.029999999329447746,0.029999999329447746,90000
2024-12-30,0.02500000037252903,0.029999999329447746,0.02500000037252903,0.029999999329447746,54900
2024-12-31,0.029999999329447746,0.029999999329447746,0.029999999329447746,0.029999999329447746,135800
2025-01-02,0.029999999329447746,0.029999999329447746,0.02500000037252903,0.029999999329447746,151400
2025-01-03,0.029999999329447746,0.03500000014901161,0.029999999329447746,0.03500000014901161,1199000
2025-01-06,0.03500000014901161,0.03500000014901161,0.029999999329447746,0.029999999329447746,325500
2025-01-07,0.03500000014901161,0.03500000014901161,0.029999999329447746,0.029999999329447746,518000
2025-01-08,0.029999999329447746,0.029999999329447746,0.029999999329447746,0.029999999329447746,5000
2025-01-09,0.02500000037252903,0.02500000037252903,0.02500000037252903,0.02500000037252903,14500
2025-01-10,0.029999999329447746,0.029999999329447746,0.029999999329447746,0.029999999329447746,4200
2025-01-13,0.029999999329447746,0.029999999329447746,0.02500000037252903,0.029999999329447746,4584900
2025-01-14,0.02500000037252903,0.029999999329447746,0.02500000037252903,0.029999999329447746,1151300
2025-01-15,0.029999999329447746,0.029999999329447746,0.019999999552965164,0.02500000037252903,359800
2025-01-16,0.02500000037252903,0.029999999329447746,0.019999999552965164,0.02500000037252903,1221100
2025-01-17,0.02500000037252903,0.029999999329447746,0.02500000037252903,0.029999999329447746,619500
2025-01-20,0.029999999329447746,0.029999999329447746,0.029999999329447746,0.029999999329447746,200
2025-01-21,0.029999999329447746,0.029999999329447746,0.029999999329447746,0.029999999329447746,0
2025-01-22,0.02500000037252903,0.029999999329447746,0.02500000037252903,0.029999999329447746,402300
2025-01-23,0.02500000037252903,0.029999999329447746,0.02500000037252903,0.02500000037252903,1376200
2025-01-24,0.02500000037252903,0.02500000037252903,0.02500000037252903,0.02500000037252903,565400
2025-01-27,0.02500000037252903,0.02500000037252903,0.02500000037252903,0.02500000037252903,0
2025-01-28,0.02500000037252903,0.02500000037252903,0.02500000037252903,0.02500000037252903,50000
2025-01-31,0.02500000037252903,0.029999999329447746,0.02500000037252903,0.029999999329447746,508100
2025-02-03,0.029999999329447746,0.029999999329447746,0.02500000037252903,0.02500000037252903,810300
2025-02-04,0.029999999329447746,0.029999999329447746,0.02500000037252903,0.02500000037252903,278200
2025-02-05,0.02500000037252903,0.02500000037252903,0.02500000037252903,0.02500000037252903,148800
2025-02-06,0.02500000037252903,0.029999999329447746,0.019999999552965164,0.02500000037252903,382400
2025-02-07,0.02500000037252903,0.02500000037252903,0.02500000037252903,0.02500000037252903,144000
2025-02-10,0.02500000037252903,0.02500000037252903,0.02500000037252903,0.02500000037252903,240000
2025-02-12,0.02500000037252903,0.02500000037252903,0.02500000037252903,0.02500000037252903,782300
2025-02-13,0.02500000037252903,0.029999999329447746,0.02500000037252903,0.029999999329447746,332400
2025-02-14,0.029999999329447746,0.029999999329447746,0.02500000037252903,0.02500000037252903,116200
2025-02-17,0.02500000037252903,0.02500000037252903,0.019999999552965164,0.019999999552965164,256600
2025-02-18,0.02500000037252903,0.02500000037252903,0.019999999552965164,0.02500000037252903,503200
2025-02-19,0.02500000037252903,0.02500000037252903,0.02500000037252903,0.02500000037252903,10000
2025-02-20,0.02500000037252903,0.02500000037252903,0.02500000037252903,0.02500000037252903,0
2025-02-21,0.02500000037252903,0.02500000037252903,0.02500000037252903,0.02500000037252903,0
2025-02-24,0.02500000037252903,0.02500000037252903,0.02500000037252903,0.02500000037252903,10000
2025-02-25,0.02500000037252903,0.02500000037252903,0.019999999552965164,0.02500000037252903,189700
2025-02-26,0.02500000037252903,0.02500000037252903,0.019999999552965164,0.02500000037252903,829600
2025-02-27,0.02500000037252903,0.02500000037252903,0.02500000037252903,0.02500000037252903,147600
2025-02-28,0.02500000037252903,0.02500000037252903,0.02500000037252903,0.02500000037252903,110000
2025-03-03,0.02500000037252903,0.02500000037252903,0.02500000037252903,0.02500000037252903,50100
2025-03-04,0.02500000037252903,0.02500000037252903,0.02500000037252903,0.02500000037252903,0
2025-03-05,0.02500000037252903,0.02500000037252903,0.02500000037252903,0.02500000037252903,180000
2025-03-06,0.02500000037252903,0.02500000037252903,0.02500000037252903,0.02500000037252903,0
2025-03-07,0.02500000037252903,0.02500000037252903,0.019999999552965164,0.019999999552965164,2200
2025-03-10,0.019999999552965164,0.02500000037252903,0.019999999552965164,0.019999999552965164,104500
2025-03-11,0.019999999552965164,0.019999999552965164,0.019999999552965164,0.019999999552965164,774500
2025-03-12,0.019999999552965164,0.02500000037252903,0.019999999552965164,0.019999999552965164,4392800
2025-03-13,0.014999999664723873,0.02500000037252903,0.014999999664723873,0.02500000037252903,532900
2025-03-14,0.02500000037252903,0.02500000037252903,0.02500000037252903,0.02500000037252903,2100
2025-03-17,0.02500000037252903,0.02500000037252903,0.019999999552965164,0.019999999552965164,415600
2025-03-19,0.019999999552965164,0.019999999552965164,0.019999999552965164,0.019999999552965164,16800
2025-03-20,0.019999999552965164,0.02500000037252903,0.019999999552965164,0.019999999552965164,163700
2025-03-21,0.019999999552965164,0.019999999552965164,0.019999999552965164,0.019999999552965164,3200
2025-03-24,0.02500000037252903,0.02500000037252903,0.019999999552965164,0.019999999552965164,676600
2025-03-25,0.019999999552965164,0.019999999552965164,0.019999999552965164,0.019999999552965164,158200
2025-03-26,0.019999999552965164,0.02500000037252903,0.019999999552965164,0.019999999552965164,32600
2025-03-27,0.019999999552965164,0.02500000037252903,0.019999999552965164,0.019999999552965164,6800
2025-03-28,0.019999999552965164,0.02500000037252903,0.019999999552965164,0.02500000037252903,301000
2025-04-02,0.02500000037252903,0.02500000037252903,0.02500000037252903,0.02500000037252903,100
2025-04-03,0.019999999552965164,0.019999999552965164,0.019999999552965164,0.019999999552965164,57200
2025-04-04,0.019999999552965164,0.019999999552965164,0.019999999552965164,0.019999999552965164,14300
2025-04-07,0.019999999552965164,0.02500000037252903,0.019999999552965164,0.02500000037252903,466300
2025-04-08,0.02500000037252903,0.02500000037252903,0.02500000037252903,0.02500000037252903,500
2025-04-09,0.019999999552965164,0.019999999552965164,0.019999999552965164,0.019999999552965164,792500
2025-04-10,0.019999999552965164,0.02500000037252903,0.019999999552965164,0.019999999552965164,31100
2025-04-11,0.019999999552965164,0.02500000037252903,0.019999999552965164,0.02500000037252903,3000
2025-04-14,0.02500000037252903,0.02500000037252903,0.019999999552965164,0.019999999552965164,500000
2025-04-15,0.019999999552965164,0.02500000037252903,0.019999999552965164,0.019999999552965164,46800
2025-04-16,0.019999999552965164,0.019999999552965164,0.019999999552965164,0.019999999552965164,16600
2025-04-17,0.019999999552965164,0.02500000037252903,0.019999999552965164,0.02500000037252903,340100
2025-04-18,0.02500000037252903,0.02500000037252903,0.019999999552965164,0.02500000037252903,69000
2025-04-21,0.019999999552965164,0.02500000037252903,0.019999999552965164,0.02500000037252903,41000
2025-04-22,0.019999999552965164,0.02500000037252903,0.019999999552965164,0.02500000037252903,360900
2025-04-23,0.019999999552965164,0.019999999552965164,0.019999999552965164,0.019999999552965164,135200
2025-04-24,0.019999999552965164,0.019999999552965164,0.019999999552965164,0.019999999552965164,102500
2025-04-25,0.019999999552965164,0.02500000037252903,0.019999999552965164,0.02500000037252903,5100
2025-04-28,0.019999999552965164,0.019999999552965164,0.019999999552965164,0.019999999552965164,115500
2025-04-29,0.019999999552965164,0.019999999552965164,0.019999999552965164,0.019999999552965164,80000
2025-04-30,0.019999999552965164,0.02500000037252903,0.019999999552965164,0.02500000037252903,251000
2025-05-02,0.02500000037252903,0.02500000037252903,0.02500000037252903,0.02500000037252903,11000
2025-05-05,0.02500000037252903,0.02500000037252903,0.02500000037252903,0.02500000037252903,0
2025-05-06,0.019999999552965164,0.019999999552965164,0.019999999552965164,0.019999999552965164,100
2025-05-07,0.019999999552965164,0.02500000037252903,0.019999999552965164,0.02500000037252903,13500
2025-05-08,0.019999999552965164,0.02500000037252903,0.019999999552965164,0.02500000037252903,327000
2025-05-09,0.02500000037252903,0.02500000037252903,0.019999999552965164,0.019999999552965164,99400
2025-05-13,0.019999999552965164,0.02500000037252903,0.019999999552965164,0.02500000037252903,34300
2025-05-14,0.02500000037252903,0.02500000037252903,0.019999999552965164,0.02500000037252903,114500
2025-05-15,0.019999999552965164,0.02500000037252903,0.019999999552965164,0.02500000037252903,100200
2025-05-16,0.019999999552965164,0.02500000037252903,0.019999999552965164,0.02500000037252903,200
2025-05-19,0.019999999552965164,0.02500000037252903,0.019999999552965164,0.02500000037252903,142200
2025-05-20,0.02500000037252903,0.02500000037252903,0.02500000037252903,0.02500000037252903,0
2025-05-21,0.019999999552965164,0.019999999552965164,0.019999999552965164,0.019999999552965164,2500
2025-05-22,0.019999999552965164,0.02500000037252903,0.019999999552965164,0.02500000037252903,558000
2025-05-23,0.019999999552965164,0.019999999552965164,0.014999999664723873,0.019999999552965164,416000
2025-05-26,0.014999999664723873,0.019999999552965164,0.014999999664723873,0.019999999552965164,31800
2025-05-27,0.019999999552965164,0.019999999552965164,0.019999999552965164,0.019999999552965164,85000
2025-05-28,0.014999999664723873,0.019999999552965164,0.014999999664723873,0.019999999552965164,4066000
2025-05-29,0.019999999552965164,0.019999999552965164,0.019999999552965164,0.019999999552965164,11000
2025-05-30,0.019999999552965164,0.02500000037252903,0.014999999664723873,0.019999999552965164,810100
2025-06-03,0.019999999552965164,0.019999999552965164,0.014999999664723873,0.014999999664723873,433600
2025-06-04,0.019999999552965164,0.019999999552965164,0.014999999664723873,0.014999999664723873,228400
2025-06-05,0.019999999552965164,0.019999999552965164,0.019999999552965164,0.019999999552965164,200
2025-06-06,0.019999999552965164,0.019999999552965164,0.014999999664723873,0.019999999552965164,615300
2025-06-09,0.019999999552965164,0.019999999552965164,0.019999999552965164,0.019999999552965164,0
2025-06-10,0.014999999664723873,0.019999999552965164,0.014999999664723873,0.019999999552965164,485000
2025-06-11,0.014999999664723873,0.014999999664723873,0.014999999664723873,0.014999999664723873,10000
2025-06-12,0.014999999664723873,0.019999999552965164,0.014999999664723873,0.019999999552965164,369200
2025-06-13,0.019999999552965164,0.02500000037252903,0.019999999552965164,0.02500000037252903,2697400
2025-06-16,0.02500000037252903,0.02500000037252903,0.02500000037252903,0.02500000037252903,1960200
2025-06-17,0.02500000037252903,0.029999999329447746,0.02500000037252903,0.029999999329447746,2990200
2025-06-18,0.029999999329447746,0.03500000014901161,0.029999999329447746,0.029999999329447746,4042400
2025-06-19,0.029999999329447746,0.03500000014901161,0.02500000037252903,0.029999999329447746,1248300
2025-06-20,0.029999999329447746,0.029999999329447746,0.029999999329447746,0.029999999329447746,695900
2025-06-23,0.029999999329447746,0.029999999329447746,0.02500000037252903,0.02500000037252903,63000
2025-06-24,0.02500000037252903,0.029999999329447746,0.02500000037252903,0.029999999329447746,150100
2025-06-25,0.029999999329447746,0.029999999329447746,0.02500000037252903,0.02500000037252903,1372100
2025-06-26,0.02500000037252903,0.02500000037252903,0.02500000037252903,0.02500000037252903,298000
2025-06-30,0.02500000037252903,0.02500000037252903,0.02500000037252903,0.02500000037252903,55000
2025-07-01,0.02500000037252903,0.02500000037252903,0.02500000037252903,0.02500000037252903,705000
2025-07-02,0.02500000037252903,0.02500000037252903,0.019999999552965164,0.02500000037252903,60300
2025-07-03,0.02500000037252903,0.02500000037252903,0.019999999552965164,0.02500000037252903,205200
2025-07-04,0.02500000037252903,0.02500000037252903,0.019999999552965164,0.02500000037252903,202900
2025-07-07,0.02500000037252903,0.02500000037252903,0.019999999552965164,0.019999999552965164,3716700
2025-07-08,0.02500000037252903,0.02500000037252903,0.014999999664723873,0.019999999552965164,234600
2025-07-09,0.02500000037252903,0.02500000037252903,0.02500000037252903,0.02500000037252903,100
2025-07-10,0.02500000037252903,0.02500000037252903,0.019999999552965164,0.02500000037252903,771100
2025-07-11,0.019999999552965164,0.02500000037252903,0.019999999552965164,0.02500000037252903,200
2025-07-14,0.019999999552965164,0.019999999552965164,0.019999999552965164,0.019999999552965164,354600
2025-07-15,0.019999999552965164,0.02500000037252903,0.019999999552965164,0.02500000037252903,508000
2025-07-16,0.02500000037252903,0.02500000037252903,0.019999999552965164,0.019999999552965164,80500
2025-07-17,0.02500000037252903,0.02500000037252903,0.019999999552965164,0.02500000037252903,454400
2025-07-18,0.014999999664723873,0.02500000037252903,0.014999999664723873,0.02500000037252903,20400
2025-07-21,0.019999999552965164,0.019999999552965164,0.019999999552965164,0.019999999552965164,204700
2025-07-22,0.019999999552965164,0.02500000037252903,0.019999999552965164,0.02500000037252903,1071100
2025-07-23,0.019999999552965164,0.019999999552965164,0.019999999552965164,0.019999999552965164,32900
2025-07-24,0.019999999552965164,0.02500000037252903,0.019999999552965164,0.02500000037252903,31200
2025-07-25,0.02500000037252903,0.02500000037252903,0.02500000037252903,0.02500000037252903,0
2025-07-28,0.019999999552965164,0.02500000037252903,0.019999999552965164,0.02500000037252903,270000
2025-07-29,0.02500000037252903,0.02500000037252903,0.02500000037252903,0.02500000037252903,586400
2025-07-30,0.019999999552965164,0.02500000037252903,0.019999999552965164,0.02500000037252903,1401000
2025-07-31,0.019999999552965164,0.02500000037252903,0.019999999552965164,0.02500000037252903,18100
2025-08-01,0.019999999552965164,0.02500000037252903,0.019999999552965164,0.02500000037252903,1116200
