Date,Open,High,Low,Close,Volume
,9091.KL,9091.KL,9091.KL,9091.KL,9091.KL
2020-08-03,0.15000000596046448,0.15000000596046448,0.15000000596046448,0.15000000596046448,229800
2020-08-04,0.15000000596046448,0.15000000596046448,0.15000000596046448,0.15000000596046448,257800
2020-08-05,0.15000000596046448,0.16500000655651093,0.15000000596046448,0.16500000655651093,2899000
2020-08-06,0.16500000655651093,0.17000000178813934,0.1599999964237213,0.16500000655651093,836800
2020-08-07,0.1599999964237213,0.1850000023841858,0.1599999964237213,0.17000000178813934,4237300
2020-08-10,0.17499999701976776,0.18000000715255737,0.17000000178813934,0.18000000715255737,1520900
2020-08-11,0.1850000023841858,0.1850000023841858,0.17499999701976776,0.17499999701976776,1273800
2020-08-12,0.17000000178813934,0.17000000178813934,0.16500000655651093,0.16500000655651093,1001900
2020-08-13,0.17000000178813934,0.17499999701976776,0.17000000178813934,0.17000000178813934,325000
2020-08-14,0.16500000655651093,0.16500000655651093,0.1599999964237213,0.1599999964237213,1095700
2020-08-17,0.1550000011920929,0.16500000655651093,0.1550000011920929,0.16500000655651093,200300
2020-08-18,0.1599999964237213,0.1599999964237213,0.1599999964237213,0.1599999964237213,66000
2020-08-19,0.16500000655651093,0.16500000655651093,0.1599999964237213,0.16500000655651093,124600
2020-08-21,0.17000000178813934,0.20000000298023224,0.17000000178813934,0.19499999284744263,5253300
2020-08-24,0.20499999821186066,0.20499999821186066,0.1899999976158142,0.19499999284744263,1531800
2020-08-25,0.1899999976158142,0.1899999976158142,0.17000000178813934,0.1850000023841858,662600
2020-08-26,0.1899999976158142,0.2150000035762787,0.1899999976158142,0.2150000035762787,4587000
2020-08-27,0.2199999988079071,0.23999999463558197,0.2199999988079071,0.23000000417232513,3916500
2020-08-28,0.23499999940395355,0.27000001072883606,0.23499999940395355,0.25,10249800
2020-09-01,0.2549999952316284,0.2800000011920929,0.2549999952316284,0.27000001072883606,4280400
2020-09-02,0.27000001072883606,0.30000001192092896,0.27000001072883606,0.2750000059604645,8900600
2020-09-03,0.2750000059604645,0.2849999964237213,0.25999999046325684,0.2800000011920929,4557200
2020-09-04,0.27000001072883606,0.28999999165534973,0.26499998569488525,0.2849999964237213,2695900
2020-09-07,0.2800000011920929,0.2849999964237213,0.27000001072883606,0.2750000059604645,3314200
2020-09-08,0.2849999964237213,0.29499998688697815,0.2800000011920929,0.29499998688697815,6737400
2020-09-09,0.29499998688697815,0.3199999928474426,0.28999999165534973,0.28999999165534973,4009200
2020-09-10,0.29499998688697815,0.29499998688697815,0.25999999046325684,0.2750000059604645,3585800
2020-09-11,0.27000001072883606,0.28999999165534973,0.27000001072883606,0.2849999964237213,1463800
2020-09-14,0.28999999165534973,0.29499998688697815,0.2800000011920929,0.2849999964237213,2880000
2020-09-15,0.2849999964237213,0.30000001192092896,0.2849999964237213,0.28999999165534973,2212600
2020-09-17,0.29499998688697815,0.30000001192092896,0.28999999165534973,0.30000001192092896,1686200
2020-09-18,0.30000001192092896,0.30000001192092896,0.28999999165534973,0.29499998688697815,1915900
2020-09-21,0.29499998688697815,0.3149999976158142,0.29499998688697815,0.3100000023841858,2918200
2020-09-22,0.3050000071525574,0.3199999928474426,0.30000001192092896,0.3050000071525574,4793100
2020-09-23,0.3050000071525574,0.3050000071525574,0.2750000059604645,0.29499998688697815,3828800
2020-09-24,0.28999999165534973,0.28999999165534973,0.2800000011920929,0.28999999165534973,680800
2020-09-25,0.2750000059604645,0.3199999928474426,0.2750000059604645,0.3100000023841858,7051900
2020-09-28,0.3149999976158142,0.33000001311302185,0.3050000071525574,0.32499998807907104,4712800
2020-09-29,0.32499998807907104,0.32499998807907104,0.3050000071525574,0.3100000023841858,2896000
2020-09-30,0.3100000023841858,0.3199999928474426,0.30000001192092896,0.3050000071525574,2474200
2020-10-01,0.3050000071525574,0.3050000071525574,0.29499998688697815,0.3050000071525574,2327000
2020-10-02,0.30000001192092896,0.3050000071525574,0.29499998688697815,0.29499998688697815,624900
2020-10-05,0.30000001192092896,0.32499998807907104,0.30000001192092896,0.3149999976158142,1931700
2020-10-06,0.3199999928474426,0.33500000834465027,0.3149999976158142,0.3149999976158142,2451900
2020-10-07,0.3199999928474426,0.33500000834465027,0.3199999928474426,0.33000001311302185,3131400
2020-10-08,0.33500000834465027,0.33500000834465027,0.32499998807907104,0.33000001311302185,1889000
2020-10-09,0.33000001311302185,0.375,0.3199999928474426,0.36500000953674316,5710800
2020-10-12,0.36500000953674316,0.42500001192092896,0.36500000953674316,0.38999998569488525,11862100
2020-10-13,0.39500001072883606,0.4099999964237213,0.39500001072883606,0.4050000011920929,2996800
2020-10-14,0.4050000011920929,0.4050000011920929,0.38999998569488525,0.4050000011920929,1755900
2020-10-15,0.4050000011920929,0.4399999976158142,0.4000000059604645,0.4350000023841858,6573700
2020-10-16,0.4350000023841858,0.4399999976158142,0.41499999165534973,0.41499999165534973,2059900
2020-10-19,0.41499999165534973,0.4300000071525574,0.4050000011920929,0.41999998688697815,2242300
2020-10-20,0.41499999165534973,0.42500001192092896,0.4050000011920929,0.41499999165534973,1308800
2020-10-21,0.4050000011920929,0.41499999165534973,0.38499999046325684,0.39500001072883606,1012800
2020-10-22,0.39500001072883606,0.4000000059604645,0.3700000047683716,0.3799999952316284,1178500
2020-10-23,0.375,0.3799999952316284,0.3199999928474426,0.33000001311302185,2354400
2020-10-26,0.33500000834465027,0.33500000834465027,0.30000001192092896,0.32499998807907104,497000
2020-10-27,0.32499998807907104,0.38999998569488525,0.3199999928474426,0.36000001430511475,1938600
2020-10-28,0.375,0.375,0.33000001311302185,0.33500000834465027,416000
2020-10-30,0.3199999928474426,0.32499998807907104,0.3050000071525574,0.3100000023841858,911100
2020-11-02,0.3050000071525574,0.3050000071525574,0.2750000059604645,0.28999999165534973,791500
2020-11-03,0.28999999165534973,0.3199999928474426,0.2849999964237213,0.29499998688697815,224000
2020-11-04,0.28999999165534973,0.3199999928474426,0.28999999165534973,0.3149999976158142,460600
2020-11-05,0.3199999928474426,0.33000001311302185,0.3149999976158142,0.3149999976158142,610700
2020-11-06,0.3199999928474426,0.32499998807907104,0.3100000023841858,0.3100000023841858,139400
2020-11-09,0.3199999928474426,0.33500000834465027,0.30000001192092896,0.33500000834465027,1139400
2020-11-10,0.33500000834465027,0.3449999988079071,0.32499998807907104,0.33500000834465027,619200
2020-11-11,0.33500000834465027,0.3700000047683716,0.33000001311302185,0.3700000047683716,913100
2020-11-12,0.3700000047683716,0.3799999952316284,0.35499998927116394,0.375,909000
2020-11-13,0.375,0.375,0.35499998927116394,0.3700000047683716,390600
2020-11-16,0.36500000953674316,0.375,0.36000001430511475,0.36500000953674316,941900
2020-11-17,0.375,0.375,0.3449999988079071,0.35499998927116394,373200
2020-11-18,0.36000001430511475,0.36000001430511475,0.32499998807907104,0.35499998927116394,183600
2020-11-19,0.3499999940395355,0.35499998927116394,0.33000001311302185,0.3499999940395355,666400
2020-11-20,0.3499999940395355,0.3499999940395355,0.33000001311302185,0.33500000834465027,639000
2020-11-23,0.3199999928474426,0.3449999988079071,0.3199999928474426,0.33000001311302185,101400
2020-11-24,0.33000001311302185,0.3449999988079071,0.3100000023841858,0.3100000023841858,816400
2020-11-25,0.3100000023841858,0.3199999928474426,0.3100000023841858,0.3199999928474426,74300
2020-11-26,0.3100000023841858,0.3199999928474426,0.3050000071525574,0.3050000071525574,90000
2020-11-27,0.3100000023841858,0.32499998807907104,0.3050000071525574,0.3199999928474426,179300
2020-11-30,0.3100000023841858,0.32499998807907104,0.3100000023841858,0.3199999928474426,93800
2020-12-01,0.3199999928474426,0.33500000834465027,0.3199999928474426,0.33500000834465027,213800
2020-12-02,0.3400000035762787,0.3400000035762787,0.3199999928474426,0.32499998807907104,451600
2020-12-03,0.33000001311302185,0.3449999988079071,0.32499998807907104,0.3400000035762787,403200
2020-12-04,0.3449999988079071,0.3499999940395355,0.3400000035762787,0.3400000035762787,871700
2020-12-07,0.3449999988079071,0.3449999988079071,0.33000001311302185,0.33500000834465027,165600
2020-12-08,0.3400000035762787,0.3400000035762787,0.32499998807907104,0.33000001311302185,217300
2020-12-09,0.3149999976158142,0.3400000035762787,0.3149999976158142,0.3149999976158142,282000
2020-12-10,0.3100000023841858,0.3199999928474426,0.3050000071525574,0.3100000023841858,597800
2020-12-11,0.3100000023841858,0.32499998807907104,0.3050000071525574,0.3100000023841858,120500
2020-12-14,0.3100000023841858,0.3199999928474426,0.3050000071525574,0.3050000071525574,201300
2020-12-15,0.30000001192092896,0.3050000071525574,0.28999999165534973,0.3050000071525574,284300
2020-12-16,0.2849999964237213,0.3050000071525574,0.2849999964237213,0.3050000071525574,68500
2020-12-17,0.30000001192092896,0.30000001192092896,0.28999999165534973,0.28999999165534973,107600
2020-12-18,0.28999999165534973,0.29499998688697815,0.2800000011920929,0.28999999165534973,401400
2020-12-21,0.2800000011920929,0.28999999165534973,0.27000001072883606,0.2750000059604645,276000
2020-12-22,0.2750000059604645,0.29499998688697815,0.2750000059604645,0.2750000059604645,331800
2020-12-23,0.27000001072883606,0.2849999964237213,0.27000001072883606,0.2849999964237213,81000
2020-12-24,0.2750000059604645,0.28999999165534973,0.2750000059604645,0.2800000011920929,68500
2020-12-28,0.2800000011920929,0.2800000011920929,0.2750000059604645,0.2800000011920929,24500
2020-12-29,0.2750000059604645,0.2849999964237213,0.2750000059604645,0.2849999964237213,389000
2020-12-30,0.2849999964237213,0.2849999964237213,0.2750000059604645,0.2849999964237213,85600
2020-12-31,0.2800000011920929,0.2849999964237213,0.2750000059604645,0.2849999964237213,231500
2021-01-04,0.29499998688697815,0.30000001192092896,0.2750000059604645,0.30000001192092896,243800
2021-01-05,0.30000001192092896,0.30000001192092896,0.2849999964237213,0.2849999964237213,101400
2021-01-06,0.2849999964237213,0.29499998688697815,0.27000001072883606,0.2800000011920929,270000
2021-01-07,0.2750000059604645,0.2800000011920929,0.25,0.2800000011920929,159800
2021-01-08,0.25999999046325684,0.27000001072883606,0.2549999952316284,0.2549999952316284,229200
2021-01-11,0.25,0.26499998569488525,0.25,0.26499998569488525,128200
2021-01-12,0.25,0.26499998569488525,0.24500000476837158,0.26499998569488525,80700
2021-01-13,0.26499998569488525,0.2849999964237213,0.25999999046325684,0.2800000011920929,164200
2021-01-14,0.2849999964237213,0.30000001192092896,0.27000001072883606,0.2849999964237213,101500
2021-01-15,0.28999999165534973,0.30000001192092896,0.26499998569488525,0.26499998569488525,26400
2021-01-18,0.2549999952316284,0.2800000011920929,0.2549999952316284,0.25999999046325684,48200
2021-01-19,0.25999999046325684,0.25999999046325684,0.25,0.25999999046325684,59900
2021-01-20,0.2549999952316284,0.2549999952316284,0.25,0.25,131200
2021-01-21,0.2549999952316284,0.25999999046325684,0.25,0.25,172700
2021-01-22,0.2549999952316284,0.2549999952316284,0.24500000476837158,0.25,40900
2021-01-25,0.25,0.25,0.25,0.25,0
2021-01-26,0.25,0.26499998569488525,0.23000000417232513,0.23999999463558197,219400
2021-01-27,0.23999999463558197,0.26499998569488525,0.23999999463558197,0.2549999952316284,27300
2021-01-29,0.26499998569488525,0.26499998569488525,0.22499999403953552,0.25,52700
2021-02-02,0.25,0.25999999046325684,0.24500000476837158,0.24500000476837158,81300
2021-02-03,0.24500000476837158,0.24500000476837158,0.24500000476837158,0.24500000476837158,0
2021-02-04,0.25999999046325684,0.27000001072883606,0.24500000476837158,0.27000001072883606,8700
2021-02-05,0.27000001072883606,0.2750000059604645,0.25999999046325684,0.26499998569488525,55700
2021-02-08,0.25999999046325684,0.2849999964237213,0.2549999952316284,0.2800000011920929,117200
2021-02-09,0.2849999964237213,0.3100000023841858,0.2800000011920929,0.3100000023841858,905700
2021-02-10,0.3100000023841858,0.33000001311302185,0.30000001192092896,0.3050000071525574,797400
2021-02-11,0.3100000023841858,0.3100000023841858,0.28999999165534973,0.30000001192092896,103600
2021-02-15,0.3100000023841858,0.3199999928474426,0.2849999964237213,0.3100000023841858,644200
2021-02-16,0.3149999976158142,0.36000001430511475,0.3050000071525574,0.33000001311302185,6963900
2021-02-17,0.32499998807907104,0.3499999940395355,0.3149999976158142,0.32499998807907104,5242200
2021-02-18,0.32499998807907104,0.36000001430511475,0.3199999928474426,0.33500000834465027,8110900
2021-02-19,0.3400000035762787,0.3400000035762787,0.3100000023841858,0.3149999976158142,1585500
2021-02-22,0.3149999976158142,0.32499998807907104,0.29499998688697815,0.30000001192092896,740400
2021-02-23,0.30000001192092896,0.3149999976158142,0.29499998688697815,0.3050000071525574,472000
2021-02-24,0.30000001192092896,0.30000001192092896,0.28999999165534973,0.29499998688697815,846200
2021-02-25,0.28999999165534973,0.32499998807907104,0.2750000059604645,0.3149999976158142,3181700
2021-02-26,0.3050000071525574,0.3199999928474426,0.28999999165534973,0.30000001192092896,1762700
2021-03-01,0.30000001192092896,0.3100000023841858,0.28999999165534973,0.30000001192092896,1611000
2021-03-02,0.28999999165534973,0.3050000071525574,0.28999999165534973,0.28999999165534973,614700
2021-03-03,0.2849999964237213,0.28999999165534973,0.2800000011920929,0.2849999964237213,515900
2021-03-04,0.2849999964237213,0.30000001192092896,0.2849999964237213,0.29499998688697815,641200
2021-03-05,0.28999999165534973,0.29499998688697815,0.2849999964237213,0.2849999964237213,223500
2021-03-08,0.2800000011920929,0.28999999165534973,0.2800000011920929,0.2800000011920929,187000
2021-03-09,0.2800000011920929,0.2849999964237213,0.27000001072883606,0.27000001072883606,459500
2021-03-10,0.2750000059604645,0.3449999988079071,0.2750000059604645,0.3100000023841858,4421100
2021-03-11,0.32499998807907104,0.33500000834465027,0.3100000023841858,0.3199999928474426,2366700
2021-03-12,0.3199999928474426,0.32499998807907104,0.3149999976158142,0.32499998807907104,565900
2021-03-15,0.32499998807907104,0.33000001311302185,0.3149999976158142,0.32499998807907104,1396500
2021-03-16,0.33000001311302185,0.36500000953674316,0.33000001311302185,0.33000001311302185,10893800
2021-03-17,0.3499999940395355,0.35499998927116394,0.33500000834465027,0.3400000035762787,752800
2021-03-18,0.3449999988079071,0.3449999988079071,0.3100000023841858,0.3149999976158142,1435800
2021-03-19,0.3199999928474426,0.3199999928474426,0.3050000071525574,0.3149999976158142,1041700
2021-03-22,0.30000001192092896,0.3149999976158142,0.29499998688697815,0.30000001192092896,569300
2021-03-23,0.3100000023841858,0.32499998807907104,0.30000001192092896,0.3199999928474426,1532700
2021-03-24,0.3199999928474426,0.3199999928474426,0.3050000071525574,0.3100000023841858,607600
2021-03-25,0.3050000071525574,0.3149999976158142,0.3050000071525574,0.3050000071525574,166200
2021-03-26,0.30000001192092896,0.30000001192092896,0.29499998688697815,0.30000001192092896,636300
2021-03-29,0.3050000071525574,0.3050000071525574,0.29499998688697815,0.29499998688697815,222000
2021-03-30,0.29499998688697815,0.29499998688697815,0.28999999165534973,0.29499998688697815,115500
2021-03-31,0.29499998688697815,0.30000001192092896,0.2849999964237213,0.29499998688697815,404200
2021-04-01,0.28999999165534973,0.29499998688697815,0.2849999964237213,0.29499998688697815,227300
2021-04-02,0.28999999165534973,0.30000001192092896,0.28999999165534973,0.30000001192092896,86900
2021-04-05,0.30000001192092896,0.30000001192092896,0.29499998688697815,0.29499998688697815,160800
2021-04-06,0.3050000071525574,0.3100000023841858,0.30000001192092896,0.3050000071525574,78400
2021-04-07,0.30000001192092896,0.30000001192092896,0.28999999165534973,0.29499998688697815,28800
2021-04-08,0.3100000023841858,0.3100000023841858,0.29499998688697815,0.30000001192092896,162300
2021-04-09,0.30000001192092896,0.3100000023841858,0.30000001192092896,0.3050000071525574,100000
2021-04-12,0.3050000071525574,0.3050000071525574,0.29499998688697815,0.29499998688697815,103500
2021-04-13,0.3050000071525574,0.3050000071525574,0.29499998688697815,0.29499998688697815,209000
2021-04-14,0.29499998688697815,0.29499998688697815,0.29499998688697815,0.29499998688697815,500
2021-04-15,0.3050000071525574,0.3050000071525574,0.2849999964237213,0.2849999964237213,444400
2021-04-16,0.2849999964237213,0.28999999165534973,0.2849999964237213,0.2849999964237213,38200
2021-04-19,0.2849999964237213,0.28999999165534973,0.2849999964237213,0.2849999964237213,109700
2021-04-20,0.2849999964237213,0.28999999165534973,0.2800000011920929,0.2800000011920929,688400
2021-04-21,0.2800000011920929,0.3050000071525574,0.2800000011920929,0.30000001192092896,476900
2021-04-22,0.29499998688697815,0.30000001192092896,0.28999999165534973,0.29499998688697815,136900
2021-04-23,0.29499998688697815,0.29499998688697815,0.28999999165534973,0.29499998688697815,78200
2021-04-26,0.29499998688697815,0.30000001192092896,0.28999999165534973,0.28999999165534973,139200
2021-04-27,0.30000001192092896,0.30000001192092896,0.28999999165534973,0.30000001192092896,75200
2021-04-28,0.29499998688697815,0.30000001192092896,0.29499998688697815,0.29499998688697815,61100
2021-04-30,0.29499998688697815,0.29499998688697815,0.29499998688697815,0.29499998688697815,11700
2021-05-03,0.29499998688697815,0.30000001192092896,0.2800000011920929,0.2849999964237213,134200
2021-05-04,0.2849999964237213,0.30000001192092896,0.2849999964237213,0.29499998688697815,357100
2021-05-05,0.29499998688697815,0.29499998688697815,0.29499998688697815,0.29499998688697815,102900
2021-05-06,0.28999999165534973,0.3050000071525574,0.28999999165534973,0.3050000071525574,229500
2021-05-07,0.3050000071525574,0.3100000023841858,0.30000001192092896,0.3050000071525574,139500
2021-05-10,0.3050000071525574,0.3050000071525574,0.30000001192092896,0.3050000071525574,240600
2021-05-11,0.30000001192092896,0.30000001192092896,0.2849999964237213,0.2849999964237213,308200
2021-05-12,0.29499998688697815,0.29499998688697815,0.28999999165534973,0.28999999165534973,32200
2021-05-17,0.28999999165534973,0.28999999165534973,0.2750000059604645,0.2750000059604645,197200
2021-05-18,0.27000001072883606,0.2849999964237213,0.27000001072883606,0.2849999964237213,147000
2021-05-19,0.2849999964237213,0.2849999964237213,0.2800000011920929,0.2800000011920929,240200
2021-05-20,0.2750000059604645,0.2800000011920929,0.2750000059604645,0.2750000059604645,68400
2021-05-21,0.28999999165534973,0.28999999165534973,0.25999999046325684,0.27000001072883606,35200
2021-05-24,0.2750000059604645,0.2800000011920929,0.2750000059604645,0.2800000011920929,73000
2021-05-25,0.28999999165534973,0.28999999165534973,0.28999999165534973,0.28999999165534973,7000
2021-05-27,0.2800000011920929,0.2800000011920929,0.2800000011920929,0.2800000011920929,40200
2021-05-28,0.2800000011920929,0.2800000011920929,0.2800000011920929,0.2800000011920929,46900
2021-05-31,0.2800000011920929,0.2800000011920929,0.2800000011920929,0.2800000011920929,0
2021-06-01,0.2800000011920929,0.2849999964237213,0.2800000011920929,0.2800000011920929,154100
2021-06-02,0.2800000011920929,0.2800000011920929,0.2800000011920929,0.2800000011920929,7000
2021-06-03,0.2800000011920929,0.2800000011920929,0.2750000059604645,0.2750000059604645,96500
2021-06-04,0.2750000059604645,0.28999999165534973,0.27000001072883606,0.27000001072883606,14000
2021-06-08,0.2800000011920929,0.2800000011920929,0.2800000011920929,0.2800000011920929,228700
2021-06-09,0.2800000011920929,0.2800000011920929,0.2750000059604645,0.2750000059604645,13000
2021-06-10,0.2800000011920929,0.2800000011920929,0.2800000011920929,0.2800000011920929,66000
2021-06-11,0.2800000011920929,0.2800000011920929,0.2750000059604645,0.2750000059604645,232300
2021-06-14,0.2800000011920929,0.2800000011920929,0.2750000059604645,0.2750000059604645,81200
2021-06-15,0.2750000059604645,0.2750000059604645,0.2750000059604645,0.2750000059604645,35000
2021-06-16,0.2750000059604645,0.2750000059604645,0.2750000059604645,0.2750000059604645,62100
2021-06-17,0.2800000011920929,0.2849999964237213,0.2800000011920929,0.2800000011920929,131500
2021-06-18,0.2800000011920929,0.3149999976158142,0.2800000011920929,0.3050000071525574,2309300
2021-06-21,0.3199999928474426,0.33000001311302185,0.30000001192092896,0.3149999976158142,3952300
2021-06-22,0.3149999976158142,0.3149999976158142,0.29499998688697815,0.3050000071525574,617000
2021-06-23,0.29499998688697815,0.29499998688697815,0.2849999964237213,0.29499998688697815,620000
2021-06-24,0.2849999964237213,0.2849999964237213,0.2800000011920929,0.2849999964237213,837500
2021-06-25,0.2849999964237213,0.2849999964237213,0.2800000011920929,0.2849999964237213,308500
2021-06-28,0.2800000011920929,0.2849999964237213,0.2750000059604645,0.2849999964237213,270600
2021-06-29,0.2849999964237213,0.2849999964237213,0.2750000059604645,0.2849999964237213,324000
2021-06-30,0.2849999964237213,0.2849999964237213,0.2750000059604645,0.2750000059604645,21200
2021-07-01,0.2750000059604645,0.2800000011920929,0.27000001072883606,0.2800000011920929,262000
2021-07-02,0.2750000059604645,0.2800000011920929,0.27000001072883606,0.2800000011920929,92100
2021-07-05,0.2750000059604645,0.2800000011920929,0.27000001072883606,0.2800000011920929,132100
2021-07-06,0.2750000059604645,0.2849999964237213,0.2750000059604645,0.2849999964237213,63100
2021-07-07,0.2750000059604645,0.2750000059604645,0.2750000059604645,0.2750000059604645,10100
2021-07-08,0.2750000059604645,0.2849999964237213,0.2750000059604645,0.2750000059604645,350400
2021-07-09,0.2750000059604645,0.2849999964237213,0.2750000059604645,0.2849999964237213,135100
2021-07-12,0.2849999964237213,0.2849999964237213,0.2750000059604645,0.2800000011920929,30100
2021-07-13,0.2750000059604645,0.2800000011920929,0.2750000059604645,0.2800000011920929,52700
2021-07-14,0.2750000059604645,0.2849999964237213,0.2750000059604645,0.2849999964237213,20100
2021-07-15,0.2849999964237213,0.2849999964237213,0.2849999964237213,0.2849999964237213,0
2021-07-16,0.2750000059604645,0.2800000011920929,0.2750000059604645,0.2800000011920929,40400
2021-07-19,0.2750000059604645,0.2800000011920929,0.2750000059604645,0.2800000011920929,22100
2021-07-21,0.2800000011920929,0.2800000011920929,0.2800000011920929,0.2800000011920929,43300
2021-07-22,0.2849999964237213,0.3050000071525574,0.2849999964237213,0.28999999165534973,1493000
2021-07-23,0.28999999165534973,0.3149999976158142,0.28999999165534973,0.29499998688697815,2601300
2021-07-26,0.30000001192092896,0.33000001311302185,0.29499998688697815,0.29499998688697815,5652400
2021-07-27,0.30000001192092896,0.3050000071525574,0.2849999964237213,0.2849999964237213,1814500
2021-07-28,0.28999999165534973,0.28999999165534973,0.2849999964237213,0.2849999964237213,689400
2021-07-29,0.28999999165534973,0.28999999165534973,0.2849999964237213,0.28999999165534973,554000
2021-07-30,0.29499998688697815,0.29499998688697815,0.2800000011920929,0.2800000011920929,357600
2021-08-02,0.28999999165534973,0.3050000071525574,0.28999999165534973,0.3050000071525574,1477900
2021-08-03,0.33000001311302185,0.4050000011920929,0.3100000023841858,0.3100000023841858,90607700
2021-08-04,0.3100000023841858,0.3149999976158142,0.29499998688697815,0.3100000023841858,8273500
2021-08-05,0.3149999976158142,0.32499998807907104,0.3050000071525574,0.3149999976158142,12652000
2021-08-06,0.3199999928474426,0.33000001311302185,0.3050000071525574,0.3100000023841858,10861700
2021-08-09,0.3100000023841858,0.3199999928474426,0.30000001192092896,0.3050000071525574,6114200
2021-08-11,0.3050000071525574,0.3149999976158142,0.30000001192092896,0.3100000023841858,6186900
2021-08-12,0.3100000023841858,0.3149999976158142,0.30000001192092896,0.3050000071525574,3456100
2021-08-13,0.3050000071525574,0.3199999928474426,0.3050000071525574,0.3199999928474426,9595200
2021-08-16,0.3100000023841858,0.36500000953674316,0.3050000071525574,0.3449999988079071,36023300
2021-08-17,0.3400000035762787,0.3449999988079071,0.3199999928474426,0.3199999928474426,8162200
2021-08-18,0.3199999928474426,0.33500000834465027,0.3199999928474426,0.33000001311302185,3301400
2021-08-19,0.33500000834465027,0.33500000834465027,0.3050000071525574,0.3100000023841858,8966700
2021-08-20,0.3100000023841858,0.3149999976158142,0.30000001192092896,0.3050000071525574,3968600
2021-08-23,0.3050000071525574,0.3149999976158142,0.30000001192092896,0.3100000023841858,4104100
2021-08-24,0.3100000023841858,0.3149999976158142,0.3050000071525574,0.3050000071525574,4904700
2021-08-25,0.3050000071525574,0.3100000023841858,0.30000001192092896,0.3050000071525574,4324500
2021-08-26,0.3050000071525574,0.3050000071525574,0.28999999165534973,0.28999999165534973,4997500
2021-08-27,0.28999999165534973,0.3050000071525574,0.2849999964237213,0.29499998688697815,4585000
2021-08-30,0.29499998688697815,0.3050000071525574,0.29499998688697815,0.29499998688697815,2042500
2021-09-01,0.30000001192092896,0.3050000071525574,0.29499998688697815,0.29499998688697815,2410500
2021-09-02,0.30000001192092896,0.3050000071525574,0.30000001192092896,0.30000001192092896,1064200
2021-09-03,0.30000001192092896,0.3700000047683716,0.30000001192092896,0.3700000047683716,32440100
2021-09-06,0.375,0.5049999952316284,0.375,0.4399999976158142,133779900
2021-09-07,0.44999998807907104,0.4749999940395355,0.4399999976158142,0.4449999928474426,14451400
2021-09-08,0.44999998807907104,0.4650000035762787,0.4350000023841858,0.4399999976158142,10538600
2021-09-09,0.4399999976158142,0.4650000035762787,0.41999998688697815,0.4399999976158142,36069500
2021-09-10,0.4399999976158142,0.4449999928474426,0.4000000059604645,0.4000000059604645,13754600
2021-09-13,0.4099999964237213,0.4449999928474426,0.4050000011920929,0.4350000023841858,29122500
2021-09-14,0.4300000071525574,0.44999998807907104,0.4000000059604645,0.4399999976158142,13106300
2021-09-15,0.4449999928474426,0.5400000214576721,0.4350000023841858,0.5249999761581421,117602200
2021-09-17,0.5299999713897705,0.6700000166893005,0.5199999809265137,0.6650000214576721,123307000
2021-09-20,0.675000011920929,0.7400000095367432,0.5400000214576721,0.5450000166893005,146159400
2021-09-21,0.550000011920929,0.5799999833106995,0.4350000023841858,0.45500001311302185,60824600
2021-09-22,0.46000000834465027,0.47999998927116394,0.4300000071525574,0.46000000834465027,19015500
2021-09-23,0.4650000035762787,0.5249999761581421,0.44999998807907104,0.5199999809265137,65932700
2021-09-24,0.5099999904632568,0.550000011920929,0.4699999988079071,0.4699999988079071,34605900
2021-09-27,0.4699999988079071,0.4749999940395355,0.4399999976158142,0.44999998807907104,9746800
2021-09-28,0.45500001311302185,0.47999998927116394,0.4300000071525574,0.4350000023841858,12342200
2021-09-29,0.4300000071525574,0.4300000071525574,0.39500001072883606,0.41499999165534973,11180500
2021-09-30,0.41499999165534973,0.42500001192092896,0.4000000059604645,0.4000000059604645,6933600
2021-10-01,0.39500001072883606,0.39500001072883606,0.35499998927116394,0.36500000953674316,11548400
2021-10-04,0.375,0.38499999046325684,0.3400000035762787,0.3449999988079071,7146100
2021-10-05,0.3449999988079071,0.38499999046325684,0.3400000035762787,0.36500000953674316,11656600
2021-10-06,0.36500000953674316,0.3799999952316284,0.35499998927116394,0.35499998927116394,5132700
2021-10-07,0.35499998927116394,0.375,0.3499999940395355,0.3499999940395355,5411300
2021-10-08,0.3499999940395355,0.36500000953674316,0.33500000834465027,0.3400000035762787,6667200
2021-10-11,0.3400000035762787,0.36500000953674316,0.3400000035762787,0.35499998927116394,6776700
2021-10-12,0.35499998927116394,0.3700000047683716,0.3499999940395355,0.35499998927116394,5592000
2021-10-13,0.35499998927116394,0.375,0.3499999940395355,0.375,8990000
2021-10-14,0.39500001072883606,0.4449999928474426,0.39500001072883606,0.4350000023841858,59951300
2021-10-15,0.4449999928474426,0.4449999928474426,0.38499999046325684,0.38499999046325684,14264100
2021-10-18,0.38499999046325684,0.41499999165534973,0.375,0.4050000011920929,8811100
2021-10-20,0.4099999964237213,0.4099999964237213,0.38499999046325684,0.38999998569488525,6816500
2021-10-21,0.39500001072883606,0.4050000011920929,0.3799999952316284,0.38499999046325684,6510200
2021-10-22,0.38499999046325684,0.39500001072883606,0.3799999952316284,0.3799999952316284,4575700
2021-10-25,0.3799999952316284,0.3799999952316284,0.3499999940395355,0.35499998927116394,6672300
2021-10-26,0.35499998927116394,0.36500000953674316,0.3499999940395355,0.35499998927116394,6182000
2021-10-27,0.35499998927116394,0.36000001430511475,0.3449999988079071,0.3449999988079071,2916100
2021-10-28,0.3449999988079071,0.35499998927116394,0.3400000035762787,0.3400000035762787,4544200
2021-10-29,0.3400000035762787,0.35499998927116394,0.33500000834465027,0.3499999940395355,8294100
2021-11-01,0.3499999940395355,0.36000001430511475,0.33500000834465027,0.3400000035762787,5225600
2021-11-02,0.3449999988079071,0.3449999988079071,0.3400000035762787,0.3449999988079071,2764900
2021-11-03,0.3449999988079071,0.39500001072883606,0.3400000035762787,0.375,42954500
2021-11-05,0.38499999046325684,0.38499999046325684,0.35499998927116394,0.36000001430511475,7044600
2021-11-08,0.36000001430511475,0.3700000047683716,0.3499999940395355,0.35499998927116394,3810800
2021-11-09,0.3499999940395355,0.36500000953674316,0.3449999988079071,0.36000001430511475,6252100
2021-11-10,0.36000001430511475,0.3799999952316284,0.35499998927116394,0.3799999952316284,10967600
2021-11-11,0.375,0.38499999046325684,0.36500000953674316,0.3700000047683716,8185200
2021-11-12,0.3700000047683716,0.375,0.36000001430511475,0.36500000953674316,3601900
2021-11-15,0.3700000047683716,0.375,0.35499998927116394,0.3700000047683716,7385200
2021-11-16,0.36500000953674316,0.375,0.36000001430511475,0.3700000047683716,4336700
2021-11-17,0.3700000047683716,0.38499999046325684,0.36000001430511475,0.36500000953674316,10829500
2021-11-18,0.36000001430511475,0.36500000953674316,0.3449999988079071,0.3499999940395355,3778200
2021-11-19,0.3499999940395355,0.36000001430511475,0.3449999988079071,0.35499998927116394,2594200
2021-11-22,0.3499999940395355,0.35499998927116394,0.3449999988079071,0.3449999988079071,1214700
2021-11-23,0.3449999988079071,0.3449999988079071,0.3400000035762787,0.3400000035762787,2133600
2021-11-24,0.3400000035762787,0.35499998927116394,0.3400000035762787,0.3499999940395355,2435800
2021-11-25,0.3499999940395355,0.3499999940395355,0.3400000035762787,0.3449999988079071,1368900
2021-11-26,0.3449999988079071,0.3449999988079071,0.3400000035762787,0.3400000035762787,2340700
2021-11-29,0.3400000035762787,0.3400000035762787,0.3100000023841858,0.3199999928474426,5171600
2021-11-30,0.3149999976158142,0.3199999928474426,0.3100000023841858,0.3149999976158142,1512900
2021-12-01,0.3100000023841858,0.3149999976158142,0.3050000071525574,0.3149999976158142,1730100
2021-12-02,0.3050000071525574,0.33000001311302185,0.3050000071525574,0.33000001311302185,5455800
2021-12-06,0.32499998807907104,0.3400000035762787,0.3100000023841858,0.3400000035762787,3133900
2021-12-07,0.3400000035762787,0.35499998927116394,0.3100000023841858,0.3149999976158142,12018700
2021-12-08,0.3149999976158142,0.3199999928474426,0.3100000023841858,0.3100000023841858,946900
2021-12-09,0.3100000023841858,0.3149999976158142,0.3050000071525574,0.3100000023841858,1724000
2021-12-10,0.3050000071525574,0.3149999976158142,0.3050000071525574,0.3100000023841858,2164900
2021-12-13,0.3100000023841858,0.3400000035762787,0.3100000023841858,0.3400000035762787,4078200
2021-12-14,0.3449999988079071,0.35499998927116394,0.32499998807907104,0.3449999988079071,8940000
2021-12-15,0.3400000035762787,0.36500000953674316,0.33000001311302185,0.36500000953674316,8775800
2021-12-16,0.36500000953674316,0.375,0.3449999988079071,0.36500000953674316,10776800
2021-12-17,0.36000001430511475,0.375,0.3449999988079071,0.3499999940395355,6423600
2021-12-20,0.3449999988079071,0.36000001430511475,0.32499998807907104,0.33000001311302185,7853500
2021-12-21,0.32499998807907104,0.33000001311302185,0.3149999976158142,0.33000001311302185,1465800
2021-12-22,0.32499998807907104,0.33000001311302185,0.3149999976158142,0.3199999928474426,1383700
2021-12-23,0.3199999928474426,0.3400000035762787,0.3149999976158142,0.33000001311302185,3969900
2021-12-24,0.32499998807907104,0.33000001311302185,0.3199999928474426,0.3199999928474426,628100
2021-12-27,0.3199999928474426,0.32499998807907104,0.3199999928474426,0.3199999928474426,1387800
2021-12-28,0.3199999928474426,0.3400000035762787,0.3199999928474426,0.33000001311302185,2472300
2021-12-29,0.33500000834465027,0.33500000834465027,0.33000001311302185,0.33000001311302185,830600
2021-12-30,0.33000001311302185,0.33500000834465027,0.32499998807907104,0.33500000834465027,1011100
2021-12-31,0.33000001311302185,0.33000001311302185,0.3199999928474426,0.3199999928474426,565300
2022-01-03,0.3199999928474426,0.32499998807907104,0.3199999928474426,0.3199999928474426,857000
2022-01-04,0.3199999928474426,0.33500000834465027,0.3199999928474426,0.33000001311302185,2119700
2022-01-05,0.33000001311302185,0.3499999940395355,0.33000001311302185,0.3400000035762787,4060800
2022-01-06,0.3449999988079071,0.3499999940395355,0.33500000834465027,0.3449999988079071,1211100
2022-01-07,0.33500000834465027,0.3400000035762787,0.33000001311302185,0.3400000035762787,884500
2022-01-10,0.3400000035762787,0.3449999988079071,0.33000001311302185,0.33500000834465027,1124100
2022-01-11,0.33500000834465027,0.3400000035762787,0.33000001311302185,0.33000001311302185,1027500
2022-01-12,0.33000001311302185,0.33000001311302185,0.32499998807907104,0.33000001311302185,625600
2022-01-13,0.32499998807907104,0.33000001311302185,0.3199999928474426,0.3199999928474426,571200
2022-01-14,0.3199999928474426,0.32499998807907104,0.3149999976158142,0.3149999976158142,789100
2022-01-17,0.3100000023841858,0.3149999976158142,0.3100000023841858,0.3100000023841858,475500
2022-01-19,0.3100000023841858,0.3149999976158142,0.3100000023841858,0.3149999976158142,975400
2022-01-20,0.3100000023841858,0.3149999976158142,0.3050000071525574,0.3149999976158142,370700
2022-01-21,0.3149999976158142,0.3149999976158142,0.3050000071525574,0.3050000071525574,151600
2022-01-24,0.3050000071525574,0.3050000071525574,0.28999999165534973,0.29499998688697815,944300
2022-01-25,0.29499998688697815,0.29499998688697815,0.2800000011920929,0.2800000011920929,706900
2022-01-26,0.2800000011920929,0.30000001192092896,0.2800000011920929,0.29499998688697815,426400
2022-01-27,0.28999999165534973,0.28999999165534973,0.27000001072883606,0.2849999964237213,485600
2022-01-28,0.2800000011920929,0.2849999964237213,0.2800000011920929,0.2849999964237213,365300
2022-01-31,0.2800000011920929,0.2800000011920929,0.2800000011920929,0.2800000011920929,73300
2022-02-03,0.2849999964237213,0.28999999165534973,0.2849999964237213,0.28999999165534973,422200
2022-02-04,0.28999999165534973,0.29499998688697815,0.2849999964237213,0.28999999165534973,592700
2022-02-07,0.28999999165534973,0.30000001192092896,0.28999999165534973,0.29499998688697815,794300
2022-02-08,0.29499998688697815,0.3100000023841858,0.28999999165534973,0.3050000071525574,1538500
2022-02-09,0.3050000071525574,0.3149999976158142,0.30000001192092896,0.3149999976158142,1896500
2022-02-10,0.3149999976158142,0.32499998807907104,0.3100000023841858,0.3100000023841858,1437800
2022-02-11,0.3050000071525574,0.3149999976158142,0.3050000071525574,0.3100000023841858,343000
2022-02-14,0.3050000071525574,0.3100000023841858,0.30000001192092896,0.3050000071525574,210400
2022-02-15,0.30000001192092896,0.3050000071525574,0.29499998688697815,0.30000001192092896,290000
2022-02-16,0.29499998688697815,0.3100000023841858,0.29499998688697815,0.30000001192092896,273300
2022-02-17,0.29499998688697815,0.3050000071525574,0.29499998688697815,0.30000001192092896,190400
2022-02-18,0.29499998688697815,0.3100000023841858,0.29499998688697815,0.30000001192092896,847000
2022-02-21,0.29499998688697815,0.30000001192092896,0.28999999165534973,0.30000001192092896,272100
2022-02-22,0.29499998688697815,0.30000001192092896,0.28999999165534973,0.29499998688697815,311100
2022-02-23,0.28999999165534973,0.30000001192092896,0.28999999165534973,0.30000001192092896,285600
2022-02-24,0.29499998688697815,0.29499998688697815,0.27000001072883606,0.2849999964237213,885000
2022-02-25,0.2849999964237213,0.28999999165534973,0.2800000011920929,0.28999999165534973,289700
2022-02-28,0.2849999964237213,0.28999999165534973,0.2750000059604645,0.2849999964237213,179400
2022-03-01,0.2800000011920929,0.2849999964237213,0.2800000011920929,0.2849999964237213,127100
2022-03-02,0.2800000011920929,0.2849999964237213,0.27000001072883606,0.2800000011920929,224200
2022-03-03,0.2849999964237213,0.2849999964237213,0.2750000059604645,0.2750000059604645,134900
2022-03-04,0.2800000011920929,0.2800000011920929,0.26499998569488525,0.27000001072883606,286600
2022-03-07,0.26499998569488525,0.27000001072883606,0.2549999952316284,0.26499998569488525,603200
2022-03-08,0.23999999463558197,0.26499998569488525,0.23999999463558197,0.25999999046325684,278100
2022-03-09,0.25999999046325684,0.25999999046325684,0.2549999952316284,0.25999999046325684,381500
2022-03-10,0.2549999952316284,0.26499998569488525,0.25,0.2549999952316284,465700
2022-03-11,0.2549999952316284,0.2549999952316284,0.24500000476837158,0.2549999952316284,130900
2022-03-14,0.2549999952316284,0.2549999952316284,0.25,0.2549999952316284,55300
2022-03-15,0.2549999952316284,0.25999999046325684,0.25,0.25,172500
2022-03-16,0.25999999046325684,0.26499998569488525,0.2549999952316284,0.2549999952316284,97600
2022-03-17,0.25999999046325684,0.25999999046325684,0.2549999952316284,0.25999999046325684,35600
2022-03-18,0.2549999952316284,0.25999999046325684,0.2549999952316284,0.25999999046325684,157700
2022-03-21,0.2549999952316284,0.25999999046325684,0.25,0.2549999952316284,162400
2022-03-22,0.2549999952316284,0.25999999046325684,0.2549999952316284,0.2549999952316284,161800
2022-03-23,0.25999999046325684,0.27000001072883606,0.25999999046325684,0.26499998569488525,500600
2022-03-24,0.27000001072883606,0.27000001072883606,0.25999999046325684,0.27000001072883606,47000
2022-03-25,0.26499998569488525,0.26499998569488525,0.25999999046325684,0.25999999046325684,109900
2022-03-28,0.26499998569488525,0.26499998569488525,0.25,0.25999999046325684,222700
2022-03-29,0.26499998569488525,0.27000001072883606,0.2549999952316284,0.2549999952316284,42100
2022-03-30,0.25999999046325684,0.25999999046325684,0.25,0.25999999046325684,65200
2022-03-31,0.2549999952316284,0.27000001072883606,0.25,0.26499998569488525,84200
2022-04-01,0.26499998569488525,0.2800000011920929,0.25999999046325684,0.2800000011920929,507600
2022-04-04,0.2849999964237213,0.29499998688697815,0.2800000011920929,0.28999999165534973,475200
2022-04-05,0.29499998688697815,0.30000001192092896,0.28999999165534973,0.28999999165534973,319800
2022-04-06,0.30000001192092896,0.3050000071525574,0.29499998688697815,0.30000001192092896,552800
2022-04-07,0.3050000071525574,0.3050000071525574,0.2849999964237213,0.30000001192092896,145500
2022-04-08,0.29499998688697815,0.29499998688697815,0.2800000011920929,0.28999999165534973,164100
2022-04-11,0.27000001072883606,0.28999999165534973,0.27000001072883606,0.2750000059604645,316100
2022-04-12,0.2750000059604645,0.2800000011920929,0.2750000059604645,0.2800000011920929,159900
2022-04-13,0.2750000059604645,0.2849999964237213,0.2750000059604645,0.2849999964237213,130300
2022-04-14,0.2800000011920929,0.2849999964237213,0.2750000059604645,0.2800000011920929,192800
2022-04-15,0.27000001072883606,0.2800000011920929,0.27000001072883606,0.2800000011920929,98100
2022-04-18,0.2750000059604645,0.2800000011920929,0.26499998569488525,0.27000001072883606,254500
2022-04-20,0.26499998569488525,0.2750000059604645,0.26499998569488525,0.27000001072883606,62200
2022-04-21,0.27000001072883606,0.2750000059604645,0.26499998569488525,0.27000001072883606,209400
2022-04-22,0.26499998569488525,0.27000001072883606,0.25999999046325684,0.27000001072883606,169600
2022-04-25,0.26499998569488525,0.27000001072883606,0.25999999046325684,0.26499998569488525,137800
2022-04-26,0.2750000059604645,0.2750000059604645,0.25999999046325684,0.26499998569488525,68400
2022-04-27,0.25999999046325684,0.27000001072883606,0.25999999046325684,0.27000001072883606,44300
2022-04-28,0.2750000059604645,0.2750000059604645,0.26499998569488525,0.27000001072883606,23100
2022-04-29,0.2549999952316284,0.2750000059604645,0.2549999952316284,0.26499998569488525,17100
2022-05-05,0.26499998569488525,0.2750000059604645,0.25999999046325684,0.27000001072883606,168300
2022-05-06,0.25999999046325684,0.27000001072883606,0.25999999046325684,0.27000001072883606,24600
2022-05-09,0.25999999046325684,0.26499998569488525,0.25999999046325684,0.26499998569488525,86900
2022-05-10,0.27000001072883606,0.27000001072883606,0.2549999952316284,0.26499998569488525,65200
2022-05-11,0.27000001072883606,0.2750000059604645,0.2549999952316284,0.26499998569488525,71500
2022-05-12,0.2750000059604645,0.29499998688697815,0.27000001072883606,0.2750000059604645,417700
2022-05-13,0.27000001072883606,0.2750000059604645,0.26499998569488525,0.2750000059604645,35000
2022-05-17,0.26499998569488525,0.27000001072883606,0.25999999046325684,0.26499998569488525,140400
2022-05-18,0.26499998569488525,0.26499998569488525,0.2549999952316284,0.26499998569488525,106900
2022-05-19,0.2549999952316284,0.26499998569488525,0.2549999952316284,0.26499998569488525,52100
2022-05-20,0.2549999952316284,0.26499998569488525,0.2549999952316284,0.26499998569488525,104000
2022-05-23,0.27000001072883606,0.27000001072883606,0.26499998569488525,0.27000001072883606,57700
2022-05-24,0.27000001072883606,0.27000001072883606,0.26499998569488525,0.27000001072883606,20500
2022-05-25,0.2750000059604645,0.3050000071525574,0.2750000059604645,0.3050000071525574,5808200
2022-05-26,0.30000001192092896,0.3100000023841858,0.2800000011920929,0.2849999964237213,3782300
2022-05-27,0.2849999964237213,0.30000001192092896,0.2849999964237213,0.28999999165534973,1670500
2022-05-30,0.29499998688697815,0.29499998688697815,0.2750000059604645,0.2849999964237213,1204500
2022-05-31,0.28999999165534973,0.3199999928474426,0.2849999964237213,0.3100000023841858,8781600
2022-06-01,0.3100000023841858,0.3199999928474426,0.3050000071525574,0.3100000023841858,3248800
2022-06-02,0.3100000023841858,0.32499998807907104,0.3050000071525574,0.3199999928474426,5097100
2022-06-03,0.3199999928474426,0.32499998807907104,0.3100000023841858,0.3100000023841858,2050500
2022-06-07,0.3100000023841858,0.3199999928474426,0.3050000071525574,0.3149999976158142,1454800
2022-06-08,0.3149999976158142,0.3400000035762787,0.3100000023841858,0.3400000035762787,11790100
2022-06-09,0.3400000035762787,0.3400000035762787,0.3149999976158142,0.3199999928474426,4083500
2022-06-10,0.3149999976158142,0.3199999928474426,0.3100000023841858,0.3199999928474426,1799800
2022-06-13,0.3100000023841858,0.3100000023841858,0.27000001072883606,0.2750000059604645,3656600
2022-06-14,0.27000001072883606,0.28999999165534973,0.26499998569488525,0.2849999964237213,3159600
2022-06-15,0.2800000011920929,0.2849999964237213,0.27000001072883606,0.2750000059604645,1020900
2022-06-16,0.2750000059604645,0.29499998688697815,0.27000001072883606,0.27000001072883606,3215300
2022-06-17,0.27000001072883606,0.2800000011920929,0.26499998569488525,0.27000001072883606,810700
2022-06-20,0.27000001072883606,0.2849999964237213,0.26499998569488525,0.2849999964237213,1814900
2022-06-21,0.2800000011920929,0.30000001192092896,0.2750000059604645,0.29499998688697815,5734500
2022-06-22,0.29499998688697815,0.29499998688697815,0.2800000011920929,0.2800000011920929,2230100
2022-06-23,0.2800000011920929,0.2849999964237213,0.2750000059604645,0.2800000011920929,667000
2022-06-24,0.2800000011920929,0.28999999165534973,0.2750000059604645,0.2800000011920929,1750200
2022-06-27,0.2849999964237213,0.29499998688697815,0.2849999964237213,0.28999999165534973,1854700
2022-06-28,0.2849999964237213,0.28999999165534973,0.2800000011920929,0.28999999165534973,1034900
2022-06-29,0.2800000011920929,0.28999999165534973,0.2800000011920929,0.2800000011920929,649900
2022-06-30,0.2800000011920929,0.2849999964237213,0.2750000059604645,0.2750000059604645,696400
2022-07-01,0.2750000059604645,0.2800000011920929,0.27000001072883606,0.2750000059604645,935600
2022-07-04,0.2750000059604645,0.2750000059604645,0.26499998569488525,0.26499998569488525,663200
2022-07-05,0.26499998569488525,0.2849999964237213,0.26499998569488525,0.2800000011920929,1125400
2022-07-06,0.2800000011920929,0.2800000011920929,0.27000001072883606,0.27000001072883606,520600
2022-07-07,0.27000001072883606,0.2750000059604645,0.26499998569488525,0.27000001072883606,359600
2022-07-08,0.27000001072883606,0.2800000011920929,0.27000001072883606,0.2750000059604645,270800
2022-07-12,0.27000001072883606,0.2750000059604645,0.27000001072883606,0.27000001072883606,287000
2022-07-13,0.27000001072883606,0.2750000059604645,0.27000001072883606,0.27000001072883606,239000
2022-07-14,0.27000001072883606,0.27000001072883606,0.26499998569488525,0.26499998569488525,429000
2022-07-15,0.27000001072883606,0.27000001072883606,0.23499999940395355,0.24500000476837158,2516900
2022-07-18,0.24500000476837158,0.25999999046325684,0.24500000476837158,0.2549999952316284,523700
2022-07-19,0.25999999046325684,0.25999999046325684,0.2549999952316284,0.25999999046325684,362500
2022-07-20,0.25999999046325684,0.2750000059604645,0.25999999046325684,0.27000001072883606,657700
2022-07-21,0.27000001072883606,0.2750000059604645,0.26499998569488525,0.2750000059604645,355600
2022-07-22,0.2750000059604645,0.2750000059604645,0.27000001072883606,0.2750000059604645,358100
2022-07-25,0.26499998569488525,0.28999999165534973,0.26499998569488525,0.2849999964237213,2068000
2022-07-26,0.2800000011920929,0.28999999165534973,0.2750000059604645,0.28999999165534973,1125900
2022-07-27,0.2849999964237213,0.28999999165534973,0.2800000011920929,0.2849999964237213,777000
2022-07-28,0.2849999964237213,0.28999999165534973,0.2800000011920929,0.2800000011920929,1096500
2022-07-29,0.2849999964237213,0.28999999165534973,0.2800000011920929,0.2849999964237213,757600
2022-08-01,0.28999999165534973,0.30000001192092896,0.2849999964237213,0.2849999964237213,1526900
2022-08-02,0.28999999165534973,0.3050000071525574,0.2849999964237213,0.30000001192092896,2118000
2022-08-03,0.30000001192092896,0.3100000023841858,0.29499998688697815,0.30000001192092896,1417200
2022-08-04,0.30000001192092896,0.3050000071525574,0.29499998688697815,0.30000001192092896,823300
2022-08-05,0.3050000071525574,0.3050000071525574,0.29499998688697815,0.29499998688697815,537100
2022-08-08,0.29499998688697815,0.3050000071525574,0.29499998688697815,0.3050000071525574,413500
2022-08-09,0.3050000071525574,0.3100000023841858,0.29499998688697815,0.3050000071525574,817700
2022-08-10,0.3050000071525574,0.3050000071525574,0.29499998688697815,0.30000001192092896,420900
2022-08-11,0.30000001192092896,0.3149999976158142,0.29499998688697815,0.3100000023841858,2585900
2022-08-12,0.3100000023841858,0.3100000023841858,0.30000001192092896,0.30000001192092896,626900
2022-08-15,0.3050000071525574,0.3050000071525574,0.29499998688697815,0.29499998688697815,580000
2022-08-16,0.29499998688697815,0.3100000023841858,0.29499998688697815,0.3050000071525574,820800
2022-08-17,0.3050000071525574,0.3100000023841858,0.30000001192092896,0.30000001192092896,549400
2022-08-18,0.3050000071525574,0.3050000071525574,0.30000001192092896,0.30000001192092896,289000
2022-08-19,0.29499998688697815,0.3050000071525574,0.2849999964237213,0.30000001192092896,260100
2022-08-22,0.30000001192092896,0.3050000071525574,0.30000001192092896,0.30000001192092896,334500
2022-08-23,0.30000001192092896,0.3050000071525574,0.30000001192092896,0.30000001192092896,372400
2022-08-24,0.3100000023841858,0.3100000023841858,0.3050000071525574,0.3050000071525574,201900
2022-08-25,0.3100000023841858,0.32499998807907104,0.3050000071525574,0.3199999928474426,2242200
2022-08-26,0.33000001311302185,0.33000001311302185,0.3050000071525574,0.3050000071525574,520000
2022-08-29,0.30000001192092896,0.3100000023841858,0.28999999165534973,0.3050000071525574,564400
2022-08-30,0.3050000071525574,0.3100000023841858,0.30000001192092896,0.3050000071525574,98000
2022-09-01,0.3100000023841858,0.3100000023841858,0.30000001192092896,0.3050000071525574,51500
2022-09-02,0.30000001192092896,0.3050000071525574,0.30000001192092896,0.3050000071525574,256000
2022-09-05,0.30000001192092896,0.3149999976158142,0.29499998688697815,0.3149999976158142,746400
2022-09-06,0.3149999976158142,0.3199999928474426,0.3100000023841858,0.3149999976158142,682800
2022-09-07,0.3100000023841858,0.3100000023841858,0.30000001192092896,0.3050000071525574,183500
2022-09-08,0.3050000071525574,0.3050000071525574,0.29499998688697815,0.30000001192092896,437200
2022-09-09,0.29499998688697815,0.3149999976158142,0.29499998688697815,0.3100000023841858,701100
2022-09-12,0.3149999976158142,0.3149999976158142,0.3050000071525574,0.3100000023841858,871600
2022-09-13,0.3050000071525574,0.3100000023841858,0.30000001192092896,0.30000001192092896,752400
2022-09-14,0.30000001192092896,0.3050000071525574,0.30000001192092896,0.3050000071525574,296100
2022-09-15,0.3050000071525574,0.3050000071525574,0.30000001192092896,0.3050000071525574,127700
2022-09-19,0.30000001192092896,0.3050000071525574,0.29499998688697815,0.30000001192092896,325800
2022-09-20,0.30000001192092896,0.3050000071525574,0.29499998688697815,0.30000001192092896,252800
2022-09-21,0.29499998688697815,0.3050000071525574,0.29499998688697815,0.3050000071525574,266800
2022-09-22,0.30000001192092896,0.3050000071525574,0.29499998688697815,0.3050000071525574,99600
2022-09-23,0.30000001192092896,0.3050000071525574,0.30000001192092896,0.3050000071525574,37500
2022-09-26,0.30000001192092896,0.3050000071525574,0.29499998688697815,0.30000001192092896,164600
2022-09-27,0.30000001192092896,0.3050000071525574,0.29499998688697815,0.30000001192092896,119200
2022-09-28,0.29499998688697815,0.30000001192092896,0.2849999964237213,0.30000001192092896,420400
2022-09-29,0.28999999165534973,0.29499998688697815,0.28999999165534973,0.29499998688697815,52000
2022-09-30,0.29499998688697815,0.29499998688697815,0.28999999165534973,0.29499998688697815,86300
2022-10-03,0.29499998688697815,0.29499998688697815,0.2849999964237213,0.29499998688697815,183300
2022-10-04,0.28999999165534973,0.28999999165534973,0.2849999964237213,0.2849999964237213,252500
2022-10-05,0.29499998688697815,0.29499998688697815,0.2849999964237213,0.29499998688697815,33900
2022-10-06,0.29499998688697815,0.29499998688697815,0.2849999964237213,0.28999999165534973,249100
2022-10-07,0.2800000011920929,0.28999999165534973,0.2800000011920929,0.28999999165534973,101300
2022-10-11,0.2800000011920929,0.28999999165534973,0.2800000011920929,0.2800000011920929,42900
2022-10-12,0.28999999165534973,0.28999999165534973,0.2800000011920929,0.28999999165534973,15300
2022-10-13,0.28999999165534973,0.28999999165534973,0.28999999165534973,0.28999999165534973,0
2022-10-14,0.28999999165534973,0.28999999165534973,0.28999999165534973,0.28999999165534973,0
2022-10-17,0.28999999165534973,0.28999999165534973,0.28999999165534973,0.28999999165534973,0
2022-10-18,0.2849999964237213,0.28999999165534973,0.2800000011920929,0.28999999165534973,24600
2022-10-19,0.2849999964237213,0.2849999964237213,0.2800000011920929,0.2849999964237213,78500
2022-10-20,0.28999999165534973,0.28999999165534973,0.2800000011920929,0.2849999964237213,129700
2022-10-21,0.2800000011920929,0.2849999964237213,0.2750000059604645,0.2750000059604645,48800
2022-10-25,0.2750000059604645,0.2849999964237213,0.2750000059604645,0.2849999964237213,17000
2022-10-26,0.2849999964237213,0.28999999165534973,0.2750000059604645,0.2849999964237213,79800
2022-10-27,0.28999999165534973,0.28999999165534973,0.2750000059604645,0.2800000011920929,129800
2022-10-28,0.2849999964237213,0.28999999165534973,0.2750000059604645,0.2849999964237213,83600
2022-10-31,0.28999999165534973,0.29499998688697815,0.2849999964237213,0.2849999964237213,55100
2022-11-01,0.28999999165534973,0.28999999165534973,0.2800000011920929,0.28999999165534973,63700
2022-11-02,0.28999999165534973,0.29499998688697815,0.28999999165534973,0.29499998688697815,40100
2022-11-03,0.29499998688697815,0.29499998688697815,0.29499998688697815,0.29499998688697815,5700
2022-11-04,0.28999999165534973,0.29499998688697815,0.28999999165534973,0.29499998688697815,48000
2022-11-07,0.29499998688697815,0.29499998688697815,0.29499998688697815,0.29499998688697815,0
2022-11-08,0.2849999964237213,0.28999999165534973,0.2800000011920929,0.28999999165534973,158200
2022-11-09,0.2849999964237213,0.29499998688697815,0.2849999964237213,0.29499998688697815,189200
2022-11-10,0.29499998688697815,0.29499998688697815,0.28999999165534973,0.29499998688697815,59700
2022-11-11,0.29499998688697815,0.29499998688697815,0.28999999165534973,0.29499998688697815,16000
2022-11-14,0.28999999165534973,0.29499998688697815,0.2849999964237213,0.29499998688697815,51800
2022-11-15,0.28999999165534973,0.29499998688697815,0.28999999165534973,0.29499998688697815,16000
2022-11-16,0.28999999165534973,0.29499998688697815,0.28999999165534973,0.29499998688697815,12000
2022-11-17,0.2849999964237213,0.29499998688697815,0.2849999964237213,0.28999999165534973,215800
2022-11-21,0.2849999964237213,0.29499998688697815,0.2849999964237213,0.29499998688697815,110300
2022-11-22,0.2849999964237213,0.29499998688697815,0.2849999964237213,0.29499998688697815,15600
2022-11-23,0.28999999165534973,0.28999999165534973,0.28999999165534973,0.28999999165534973,2000
2022-11-24,0.29499998688697815,0.3100000023841858,0.29499998688697815,0.3050000071525574,1596700
2022-11-25,0.30000001192092896,0.30000001192092896,0.28999999165534973,0.28999999165534973,473600
2022-11-29,0.28999999165534973,0.30000001192092896,0.2849999964237213,0.29499998688697815,255100
2022-11-30,0.2849999964237213,0.28999999165534973,0.2849999964237213,0.28999999165534973,233100
2022-12-01,0.2849999964237213,0.29499998688697815,0.2849999964237213,0.29499998688697815,220500
2022-12-02,0.29499998688697815,0.30000001192092896,0.29499998688697815,0.30000001192092896,211000
2022-12-05,0.30000001192092896,0.3050000071525574,0.28999999165534973,0.3050000071525574,558300
2022-12-06,0.3050000071525574,0.32499998807907104,0.30000001192092896,0.3100000023841858,2381100
2022-12-07,0.3100000023841858,0.33000001311302185,0.3050000071525574,0.3199999928474426,1683800
2022-12-08,0.3199999928474426,0.32499998807907104,0.3149999976158142,0.3199999928474426,369600
2022-12-09,0.3199999928474426,0.3199999928474426,0.3100000023841858,0.3199999928474426,325200
2022-12-12,0.3199999928474426,0.3199999928474426,0.3050000071525574,0.3050000071525574,240300
2022-12-13,0.3149999976158142,0.3149999976158142,0.3100000023841858,0.3149999976158142,109700
2022-12-14,0.3100000023841858,0.3149999976158142,0.3050000071525574,0.3050000071525574,67000
2022-12-15,0.3050000071525574,0.3199999928474426,0.3050000071525574,0.3199999928474426,893100
2022-12-16,0.3199999928474426,0.3199999928474426,0.3100000023841858,0.3149999976158142,417900
2022-12-19,0.3149999976158142,0.3199999928474426,0.3149999976158142,0.3199999928474426,159000
2022-12-20,0.3199999928474426,0.33500000834465027,0.3199999928474426,0.32499998807907104,1652500
2022-12-21,0.32499998807907104,0.32499998807907104,0.3149999976158142,0.32499998807907104,385100
2022-12-22,0.32499998807907104,0.32499998807907104,0.3149999976158142,0.32499998807907104,277200
2022-12-23,0.3199999928474426,0.3199999928474426,0.3149999976158142,0.3199999928474426,541300
2022-12-27,0.32499998807907104,0.32499998807907104,0.3149999976158142,0.3199999928474426,172100
2022-12-28,0.3100000023841858,0.3149999976158142,0.29499998688697815,0.30000001192092896,1170200
2022-12-29,0.30000001192092896,0.30000001192092896,0.29499998688697815,0.30000001192092896,252800
2022-12-30,0.30000001192092896,0.3050000071525574,0.29499998688697815,0.3050000071525574,219500
2023-01-03,0.29499998688697815,0.30000001192092896,0.29499998688697815,0.30000001192092896,256500
2023-01-04,0.29499998688697815,0.30000001192092896,0.29499998688697815,0.29499998688697815,58700
2023-01-05,0.30000001192092896,0.3050000071525574,0.29499998688697815,0.3050000071525574,331000
2023-01-06,0.3050000071525574,0.3050000071525574,0.30000001192092896,0.3050000071525574,25000
2023-01-09,0.29499998688697815,0.30000001192092896,0.29499998688697815,0.30000001192092896,255300
2023-01-10,0.29499998688697815,0.30000001192092896,0.29499998688697815,0.30000001192092896,247700
2023-01-11,0.29499998688697815,0.29499998688697815,0.29499998688697815,0.29499998688697815,190200
2023-01-12,0.29499998688697815,0.30000001192092896,0.29499998688697815,0.29499998688697815,145100
2023-01-13,0.30000001192092896,0.30000001192092896,0.29499998688697815,0.29499998688697815,72700
2023-01-16,0.3050000071525574,0.3050000071525574,0.29499998688697815,0.3050000071525574,59400
2023-01-17,0.3050000071525574,0.3050000071525574,0.30000001192092896,0.3050000071525574,44100
2023-01-18,0.30000001192092896,0.30000001192092896,0.30000001192092896,0.30000001192092896,20000
2023-01-19,0.29499998688697815,0.30000001192092896,0.29499998688697815,0.30000001192092896,173000
2023-01-20,0.30000001192092896,0.30000001192092896,0.29499998688697815,0.30000001192092896,31600
2023-01-25,0.30000001192092896,0.30000001192092896,0.29499998688697815,0.30000001192092896,63800
2023-01-26,0.30000001192092896,0.3050000071525574,0.30000001192092896,0.3050000071525574,119700
2023-01-27,0.3050000071525574,0.3199999928474426,0.3050000071525574,0.3149999976158142,843600
2023-01-30,0.3149999976158142,0.3149999976158142,0.3050000071525574,0.3100000023841858,270100
2023-01-31,0.3050000071525574,0.3149999976158142,0.3050000071525574,0.3050000071525574,109900
2023-02-02,0.3050000071525574,0.3149999976158142,0.30000001192092896,0.3100000023841858,1111000
2023-02-03,0.3100000023841858,0.3199999928474426,0.30000001192092896,0.3100000023841858,668400
2023-02-07,0.3050000071525574,0.3050000071525574,0.30000001192092896,0.3050000071525574,122700
2023-02-08,0.3050000071525574,0.3050000071525574,0.30000001192092896,0.3050000071525574,78800
2023-02-09,0.30000001192092896,0.30000001192092896,0.2849999964237213,0.30000001192092896,1215300
2023-02-10,0.28999999165534973,0.29499998688697815,0.28999999165534973,0.29499998688697815,109700
2023-02-13,0.29499998688697815,0.30000001192092896,0.28999999165534973,0.29499998688697815,148400
2023-02-14,0.29499998688697815,0.30000001192092896,0.28999999165534973,0.29499998688697815,19800
2023-02-15,0.29499998688697815,0.29499998688697815,0.28999999165534973,0.29499998688697815,97000
2023-02-16,0.28999999165534973,0.28999999165534973,0.2800000011920929,0.28999999165534973,676000
2023-02-17,0.2849999964237213,0.2849999964237213,0.2800000011920929,0.2849999964237213,405100
2023-02-20,0.2849999964237213,0.2849999964237213,0.2849999964237213,0.2849999964237213,0
2023-02-21,0.2849999964237213,0.28999999165534973,0.2849999964237213,0.2849999964237213,284300
2023-02-22,0.28999999165534973,0.29499998688697815,0.2849999964237213,0.28999999165534973,78500
2023-02-23,0.28999999165534973,0.28999999165534973,0.28999999165534973,0.28999999165534973,30000
2023-02-24,0.28999999165534973,0.30000001192092896,0.2849999964237213,0.28999999165534973,240400
2023-02-27,0.30000001192092896,0.30000001192092896,0.2849999964237213,0.28999999165534973,201700
2023-02-28,0.2849999964237213,0.2849999964237213,0.27000001072883606,0.27000001072883606,840900
2023-03-01,0.2750000059604645,0.2750000059604645,0.26499998569488525,0.27000001072883606,269600
2023-03-02,0.27000001072883606,0.28999999165534973,0.25999999046325684,0.2849999964237213,434200
2023-03-03,0.2849999964237213,0.2849999964237213,0.2849999964237213,0.2849999964237213,0
2023-03-06,0.27000001072883606,0.2800000011920929,0.26499998569488525,0.27000001072883606,142200
2023-03-07,0.27000001072883606,0.2750000059604645,0.27000001072883606,0.2750000059604645,41100
2023-03-08,0.2800000011920929,0.28999999165534973,0.2750000059604645,0.28999999165534973,80400
2023-03-09,0.28999999165534973,0.28999999165534973,0.28999999165534973,0.28999999165534973,0
2023-03-10,0.2800000011920929,0.28999999165534973,0.27000001072883606,0.2849999964237213,65000
2023-03-13,0.28999999165534973,0.28999999165534973,0.2849999964237213,0.28999999165534973,45800
2023-03-14,0.2800000011920929,0.28999999165534973,0.2800000011920929,0.28999999165534973,27000
2023-03-15,0.2800000011920929,0.28999999165534973,0.2800000011920929,0.28999999165534973,11100
2023-03-16,0.27000001072883606,0.28999999165534973,0.27000001072883606,0.28999999165534973,11000
2023-03-17,0.27000001072883606,0.2849999964237213,0.27000001072883606,0.27000001072883606,103600
2023-03-20,0.27000001072883606,0.27000001072883606,0.27000001072883606,0.27000001072883606,0
2023-03-21,0.2750000059604645,0.2849999964237213,0.2750000059604645,0.2849999964237213,45300
2023-03-22,0.2750000059604645,0.2849999964237213,0.2750000059604645,0.2800000011920929,20600
2023-03-23,0.2750000059604645,0.2849999964237213,0.2750000059604645,0.2800000011920929,14400
2023-03-24,0.2800000011920929,0.2849999964237213,0.2800000011920929,0.2849999964237213,18100
2023-03-27,0.2849999964237213,0.2849999964237213,0.2849999964237213,0.2849999964237213,0
2023-03-28,0.26499998569488525,0.2800000011920929,0.26499998569488525,0.2800000011920929,8900
2023-03-29,0.26499998569488525,0.2849999964237213,0.26499998569488525,0.2849999964237213,15100
2023-03-30,0.27000001072883606,0.2849999964237213,0.27000001072883606,0.2800000011920929,9900
2023-03-31,0.2849999964237213,0.28999999165534973,0.2800000011920929,0.2849999964237213,20500
2023-04-03,0.27000001072883606,0.2849999964237213,0.27000001072883606,0.2849999964237213,8500
2023-04-04,0.27000001072883606,0.2849999964237213,0.27000001072883606,0.2849999964237213,7100
2023-04-05,0.2849999964237213,0.2849999964237213,0.2849999964237213,0.2849999964237213,0
2023-04-06,0.2849999964237213,0.2849999964237213,0.2849999964237213,0.2849999964237213,0
2023-04-07,0.2849999964237213,0.2849999964237213,0.2849999964237213,0.2849999964237213,0
2023-04-10,0.2800000011920929,0.2800000011920929,0.2800000011920929,0.2800000011920929,1000
2023-04-11,0.2750000059604645,0.2750000059604645,0.27000001072883606,0.27000001072883606,15000
2023-04-12,0.2800000011920929,0.2849999964237213,0.2800000011920929,0.2800000011920929,49400
2023-04-13,0.2800000011920929,0.2849999964237213,0.2800000011920929,0.2800000011920929,17600
2023-04-14,0.27000001072883606,0.2800000011920929,0.27000001072883606,0.27000001072883606,52600
2023-04-17,0.2800000011920929,0.2849999964237213,0.27000001072883606,0.27000001072883606,109500
2023-04-18,0.2800000011920929,0.2849999964237213,0.2800000011920929,0.2849999964237213,44000
2023-04-19,0.2750000059604645,0.2750000059604645,0.26499998569488525,0.2750000059604645,92500
2023-04-20,0.2750000059604645,0.2750000059604645,0.27000001072883606,0.27000001072883606,30500
2023-04-25,0.27000001072883606,0.2800000011920929,0.27000001072883606,0.2800000011920929,25000
2023-04-26,0.27000001072883606,0.27000001072883606,0.27000001072883606,0.27000001072883606,50000
2023-04-27,0.27000001072883606,0.27000001072883606,0.27000001072883606,0.27000001072883606,59000
2023-04-28,0.27000001072883606,0.27000001072883606,0.27000001072883606,0.27000001072883606,43000
2023-05-02,0.27000001072883606,0.27000001072883606,0.26499998569488525,0.27000001072883606,138400
2023-05-03,0.27000001072883606,0.27000001072883606,0.26499998569488525,0.26499998569488525,165000
2023-05-05,0.27000001072883606,0.2849999964237213,0.27000001072883606,0.2800000011920929,38000
2023-05-08,0.2750000059604645,0.2849999964237213,0.2750000059604645,0.2849999964237213,5100
2023-05-09,0.2800000011920929,0.2849999964237213,0.2750000059604645,0.2849999964237213,37400
2023-05-10,0.27000001072883606,0.2849999964237213,0.27000001072883606,0.2800000011920929,62300
2023-05-11,0.27000001072883606,0.2849999964237213,0.27000001072883606,0.2849999964237213,35000
2023-05-12,0.27000001072883606,0.2800000011920929,0.27000001072883606,0.2800000011920929,9000
2023-05-15,0.27000001072883606,0.2800000011920929,0.26499998569488525,0.2750000059604645,74700
2023-05-16,0.27000001072883606,0.2750000059604645,0.27000001072883606,0.27000001072883606,28800
2023-05-17,0.27000001072883606,0.2750000059604645,0.26499998569488525,0.2750000059604645,89200
2023-05-18,0.2750000059604645,0.2849999964237213,0.2750000059604645,0.2849999964237213,11000
2023-05-19,0.2849999964237213,0.2849999964237213,0.2849999964237213,0.2849999964237213,0
2023-05-22,0.2849999964237213,0.2849999964237213,0.2849999964237213,0.2849999964237213,0
2023-05-23,0.2849999964237213,0.2849999964237213,0.2849999964237213,0.2849999964237213,0
2023-05-24,0.27000001072883606,0.2849999964237213,0.27000001072883606,0.27000001072883606,54300
2023-05-25,0.27000001072883606,0.27000001072883606,0.25,0.26499998569488525,197500
2023-05-26,0.26499998569488525,0.26499998569488525,0.26499998569488525,0.26499998569488525,16000
2023-05-29,0.25999999046325684,0.26499998569488525,0.2549999952316284,0.25999999046325684,123800
2023-05-30,0.26499998569488525,0.2750000059604645,0.2549999952316284,0.2750000059604645,47800
2023-05-31,0.2750000059604645,0.2800000011920929,0.27000001072883606,0.27000001072883606,71700
2023-06-01,0.2800000011920929,0.2800000011920929,0.2750000059604645,0.2750000059604645,25000
2023-06-02,0.2750000059604645,0.2750000059604645,0.2750000059604645,0.2750000059604645,0
2023-06-06,0.2750000059604645,0.2750000059604645,0.2750000059604645,0.2750000059604645,0
2023-06-07,0.2849999964237213,0.2849999964237213,0.2800000011920929,0.2849999964237213,50600
2023-06-08,0.2800000011920929,0.2849999964237213,0.2800000011920929,0.2849999964237213,133000
2023-06-09,0.2849999964237213,0.2849999964237213,0.2800000011920929,0.2800000011920929,30000
2023-06-12,0.2849999964237213,0.28999999165534973,0.2750000059604645,0.28999999165534973,141100
2023-06-13,0.28999999165534973,0.30000001192092896,0.28999999165534973,0.30000001192092896,138000
2023-06-14,0.29499998688697815,0.30000001192092896,0.28999999165534973,0.28999999165534973,57500
2023-06-15,0.29499998688697815,0.29499998688697815,0.28999999165534973,0.29499998688697815,33100
2023-06-16,0.2849999964237213,0.29499998688697815,0.2849999964237213,0.28999999165534973,16000
2023-06-19,0.2849999964237213,0.28999999165534973,0.2849999964237213,0.28999999165534973,12000
2023-06-20,0.29499998688697815,0.30000001192092896,0.28999999165534973,0.30000001192092896,104900
2023-06-21,0.30000001192092896,0.3050000071525574,0.29499998688697815,0.30000001192092896,149700
2023-06-22,0.30000001192092896,0.3100000023841858,0.30000001192092896,0.3050000071525574,182300
2023-06-23,0.30000001192092896,0.3100000023841858,0.30000001192092896,0.3100000023841858,140700
2023-06-26,0.3100000023841858,0.3100000023841858,0.30000001192092896,0.3050000071525574,48000
2023-06-27,0.3050000071525574,0.3100000023841858,0.30000001192092896,0.30000001192092896,98000
2023-06-28,0.29499998688697815,0.30000001192092896,0.28999999165534973,0.30000001192092896,117800
2023-06-30,0.30000001192092896,0.3100000023841858,0.30000001192092896,0.3050000071525574,13000
2023-07-03,0.3100000023841858,0.3100000023841858,0.30000001192092896,0.30000001192092896,58000
2023-07-04,0.2849999964237213,0.30000001192092896,0.2849999964237213,0.30000001192092896,10000
2023-07-05,0.30000001192092896,0.3050000071525574,0.29499998688697815,0.3050000071525574,24700
2023-07-06,0.30000001192092896,0.30000001192092896,0.2800000011920929,0.30000001192092896,250300
2023-07-07,0.30000001192092896,0.30000001192092896,0.30000001192092896,0.30000001192092896,0
2023-07-10,0.30000001192092896,0.30000001192092896,0.30000001192092896,0.30000001192092896,0
2023-07-11,0.2800000011920929,0.28999999165534973,0.27000001072883606,0.2800000011920929,134200
2023-07-12,0.2800000011920929,0.2800000011920929,0.2750000059604645,0.2800000011920929,37000
2023-07-13,0.28999999165534973,0.28999999165534973,0.2849999964237213,0.28999999165534973,7000
2023-07-14,0.2800000011920929,0.2800000011920929,0.2750000059604645,0.2800000011920929,185600
2023-07-17,0.2800000011920929,0.2800000011920929,0.2750000059604645,0.2750000059604645,231000
2023-07-18,0.2750000059604645,0.2750000059604645,0.2750000059604645,0.2750000059604645,23000
2023-07-20,0.2750000059604645,0.2800000011920929,0.25999999046325684,0.27000001072883606,129100
2023-07-21,0.27000001072883606,0.29499998688697815,0.27000001072883606,0.29499998688697815,48200
2023-07-24,0.28999999165534973,0.29499998688697815,0.2849999964237213,0.29499998688697815,16200
2023-07-25,0.29499998688697815,0.29499998688697815,0.29499998688697815,0.29499998688697815,0
2023-07-26,0.2800000011920929,0.28999999165534973,0.2750000059604645,0.28999999165534973,42800
2023-07-27,0.28999999165534973,0.28999999165534973,0.28999999165534973,0.28999999165534973,0
2023-07-28,0.2750000059604645,0.2800000011920929,0.26499998569488525,0.26499998569488525,500000
2023-07-31,0.26499998569488525,0.2849999964237213,0.26499998569488525,0.2849999964237213,156900
2023-08-01,0.2849999964237213,0.28999999165534973,0.2849999964237213,0.28999999165534973,4200
2023-08-02,0.27000001072883606,0.27000001072883606,0.27000001072883606,0.27000001072883606,133000
2023-08-03,0.27000001072883606,0.27000001072883606,0.26499998569488525,0.26499998569488525,389200
2023-08-04,0.27000001072883606,0.27000001072883606,0.27000001072883606,0.27000001072883606,80000
2023-08-07,0.26499998569488525,0.26499998569488525,0.25999999046325684,0.26499998569488525,74100
2023-08-08,0.26499998569488525,0.27000001072883606,0.25999999046325684,0.26499998569488525,126900
2023-08-09,0.26499998569488525,0.27000001072883606,0.2549999952316284,0.27000001072883606,180700
2023-08-10,0.2800000011920929,0.2800000011920929,0.25999999046325684,0.25999999046325684,52200
2023-08-11,0.26499998569488525,0.2750000059604645,0.26499998569488525,0.26499998569488525,5300
2023-08-14,0.26499998569488525,0.26499998569488525,0.26499998569488525,0.26499998569488525,12200
2023-08-15,0.26499998569488525,0.26499998569488525,0.26499998569488525,0.26499998569488525,10000
2023-08-16,0.26499998569488525,0.26499998569488525,0.26499998569488525,0.26499998569488525,50000
2023-08-17,0.26499998569488525,0.26499998569488525,0.26499998569488525,0.26499998569488525,0
2023-08-18,0.25999999046325684,0.25999999046325684,0.25999999046325684,0.25999999046325684,20000
2023-08-21,0.25999999046325684,0.2750000059604645,0.25999999046325684,0.2750000059604645,22300
2023-08-22,0.25999999046325684,0.2750000059604645,0.25999999046325684,0.2750000059604645,74500
2023-08-23,0.2750000059604645,0.2750000059604645,0.2750000059604645,0.2750000059604645,79000
2023-08-24,0.2800000011920929,0.29499998688697815,0.2750000059604645,0.29499998688697815,711300
2023-08-25,0.28999999165534973,0.29499998688697815,0.28999999165534973,0.29499998688697815,100000
2023-08-28,0.29499998688697815,0.29499998688697815,0.2750000059604645,0.28999999165534973,18100
2023-08-29,0.2750000059604645,0.28999999165534973,0.2750000059604645,0.28999999165534973,75500
2023-08-30,0.27000001072883606,0.2800000011920929,0.27000001072883606,0.2750000059604645,142500
2023-09-01,0.2849999964237213,0.28999999165534973,0.2750000059604645,0.2750000059604645,151100
2023-09-04,0.29499998688697815,0.29499998688697815,0.2800000011920929,0.28999999165534973,27000
2023-09-05,0.29499998688697815,0.29499998688697815,0.2800000011920929,0.28999999165534973,19000
2023-09-06,0.2750000059604645,0.2849999964237213,0.2750000059604645,0.2849999964237213,78200
2023-09-07,0.2750000059604645,0.2849999964237213,0.2750000059604645,0.2849999964237213,19700
2023-09-08,0.27000001072883606,0.2800000011920929,0.27000001072883606,0.2800000011920929,85700
2023-09-11,0.2800000011920929,0.2800000011920929,0.2750000059604645,0.2800000011920929,68000
2023-09-12,0.2800000011920929,0.29499998688697815,0.2800000011920929,0.28999999165534973,33500
2023-09-13,0.28999999165534973,0.28999999165534973,0.28999999165534973,0.28999999165534973,4100
2023-09-14,0.2800000011920929,0.28999999165534973,0.2800000011920929,0.28999999165534973,8100
2023-09-15,0.2849999964237213,0.2849999964237213,0.2849999964237213,0.2849999964237213,24000
2023-09-18,0.2800000011920929,0.28999999165534973,0.2800000011920929,0.28999999165534973,23000
2023-09-19,0.2800000011920929,0.2800000011920929,0.2800000011920929,0.2800000011920929,226400
2023-09-20,0.2800000011920929,0.2800000011920929,0.2800000011920929,0.2800000011920929,208000
2023-09-21,0.2800000011920929,0.2800000011920929,0.2800000011920929,0.2800000011920929,92000
2023-09-22,0.2800000011920929,0.2800000011920929,0.2800000011920929,0.2800000011920929,30000
2023-09-25,0.28999999165534973,0.28999999165534973,0.2800000011920929,0.2849999964237213,442000
2023-09-26,0.2849999964237213,0.2849999964237213,0.2849999964237213,0.2849999964237213,230000
2023-09-27,0.2800000011920929,0.2800000011920929,0.2800000011920929,0.2800000011920929,145000
2023-09-29,0.2849999964237213,0.3050000071525574,0.2849999964237213,0.30000001192092896,813100
2023-10-02,0.30000001192092896,0.3100000023841858,0.30000001192092896,0.30000001192092896,358400
2023-10-03,0.30000001192092896,0.30000001192092896,0.28999999165534973,0.28999999165534973,174000
2023-10-04,0.2849999964237213,0.30000001192092896,0.2849999964237213,0.30000001192092896,42600
2023-10-05,0.28999999165534973,0.28999999165534973,0.2849999964237213,0.2849999964237213,23000
2023-10-06,0.29499998688697815,0.30000001192092896,0.28999999165534973,0.30000001192092896,70000
2023-10-09,0.30000001192092896,0.30000001192092896,0.2849999964237213,0.30000001192092896,268500
2023-10-10,0.30000001192092896,0.30000001192092896,0.30000001192092896,0.30000001192092896,310800
2023-10-11,0.30000001192092896,0.30000001192092896,0.30000001192092896,0.30000001192092896,603500
2023-10-12,0.30000001192092896,0.30000001192092896,0.30000001192092896,0.30000001192092896,59000
2023-10-13,0.30000001192092896,0.30000001192092896,0.30000001192092896,0.30000001192092896,69200
2023-10-16,0.30000001192092896,0.30000001192092896,0.30000001192092896,0.30000001192092896,10000
2023-10-17,0.30000001192092896,0.30000001192092896,0.30000001192092896,0.30000001192092896,0
2023-10-18,0.29499998688697815,0.29499998688697815,0.29499998688697815,0.29499998688697815,15000
2023-10-19,0.29499998688697815,0.29499998688697815,0.29499998688697815,0.29499998688697815,18000
2023-10-20,0.29499998688697815,0.29499998688697815,0.29499998688697815,0.29499998688697815,0
2023-10-23,0.29499998688697815,0.30000001192092896,0.28999999165534973,0.28999999165534973,83000
2023-10-24,0.30000001192092896,0.30000001192092896,0.29499998688697815,0.29499998688697815,45000
2023-10-25,0.30000001192092896,0.30000001192092896,0.29499998688697815,0.30000001192092896,233300
2023-10-26,0.30000001192092896,0.30000001192092896,0.30000001192092896,0.30000001192092896,78000
2023-10-27,0.30000001192092896,0.30000001192092896,0.30000001192092896,0.30000001192092896,200000
2023-10-30,0.2849999964237213,0.30000001192092896,0.2849999964237213,0.29499998688697815,38500
2023-10-31,0.29499998688697815,0.30000001192092896,0.28999999165534973,0.30000001192092896,73000
2023-11-01,0.28999999165534973,0.30000001192092896,0.28999999165534973,0.29499998688697815,85600
2023-11-02,0.29499998688697815,0.30000001192092896,0.29499998688697815,0.30000001192092896,68000
2023-11-03,0.30000001192092896,0.30000001192092896,0.30000001192092896,0.30000001192092896,50000
2023-11-06,0.29499998688697815,0.3050000071525574,0.29499998688697815,0.30000001192092896,43800
2023-11-07,0.30000001192092896,0.30000001192092896,0.30000001192092896,0.30000001192092896,9000
2023-11-08,0.3050000071525574,0.3050000071525574,0.30000001192092896,0.30000001192092896,31500
2023-11-09,0.30000001192092896,0.3050000071525574,0.30000001192092896,0.30000001192092896,184000
2023-11-10,0.30000001192092896,0.35499998927116394,0.30000001192092896,0.3449999988079071,4020500
2023-11-14,0.3499999940395355,0.35499998927116394,0.33500000834465027,0.3449999988079071,2247100
2023-11-15,0.3499999940395355,0.3499999940395355,0.33500000834465027,0.3499999940395355,1383600
2023-11-16,0.3499999940395355,0.3499999940395355,0.33500000834465027,0.3449999988079071,1466700
2023-11-17,0.3449999988079071,0.38499999046325684,0.3400000035762787,0.375,9811200
2023-11-20,0.375,0.3799999952316284,0.36500000953674316,0.375,1396300
2023-11-21,0.375,0.38499999046325684,0.36500000953674316,0.375,2134500
2023-11-22,0.375,0.4000000059604645,0.3700000047683716,0.39500001072883606,5697800
2023-11-23,0.38999998569488525,0.39500001072883606,0.38499999046325684,0.38999998569488525,917600
2023-11-24,0.38499999046325684,0.38999998569488525,0.3799999952316284,0.38999998569488525,1100100
2023-11-27,0.38499999046325684,0.39500001072883606,0.3400000035762787,0.36000001430511475,2571600
2023-11-28,0.35499998927116394,0.36000001430511475,0.33500000834465027,0.3499999940395355,891300
2023-11-29,0.3499999940395355,0.35499998927116394,0.3400000035762787,0.3499999940395355,605400
2023-11-30,0.3499999940395355,0.35499998927116394,0.3400000035762787,0.3499999940395355,466900
2023-12-01,0.3449999988079071,0.3449999988079071,0.3400000035762787,0.3449999988079071,266900
2023-12-04,0.3449999988079071,0.3449999988079071,0.3400000035762787,0.3449999988079071,388000
2023-12-05,0.3449999988079071,0.3499999940395355,0.3199999928474426,0.33000001311302185,982800
2023-12-06,0.32499998807907104,0.33500000834465027,0.32499998807907104,0.32499998807907104,447100
2023-12-07,0.32499998807907104,0.33500000834465027,0.32499998807907104,0.32499998807907104,185800
2023-12-08,0.32499998807907104,0.32499998807907104,0.3199999928474426,0.3199999928474426,331600
2023-12-11,0.33000001311302185,0.3400000035762787,0.3199999928474426,0.3400000035762787,93400
2023-12-12,0.33000001311302185,0.33000001311302185,0.3199999928474426,0.3199999928474426,142600
2023-12-13,0.3199999928474426,0.33000001311302185,0.3199999928474426,0.33000001311302185,173400
2023-12-14,0.33500000834465027,0.33500000834465027,0.33000001311302185,0.33000001311302185,20100
2023-12-15,0.3400000035762787,0.3400000035762787,0.32499998807907104,0.32499998807907104,71400
2023-12-18,0.32499998807907104,0.32499998807907104,0.32499998807907104,0.32499998807907104,52500
2023-12-19,0.3199999928474426,0.32499998807907104,0.3199999928474426,0.32499998807907104,103000
2023-12-20,0.32499998807907104,0.33000001311302185,0.32499998807907104,0.33000001311302185,22200
2023-12-21,0.33500000834465027,0.3449999988079071,0.33500000834465027,0.3449999988079071,124800
2023-12-22,0.3449999988079071,0.3449999988079071,0.3449999988079071,0.3449999988079071,0
2023-12-26,0.3449999988079071,0.3449999988079071,0.3449999988079071,0.3449999988079071,10000
2023-12-27,0.33000001311302185,0.3449999988079071,0.33000001311302185,0.3449999988079071,43200
2023-12-28,0.33000001311302185,0.33000001311302185,0.33000001311302185,0.33000001311302185,15800
2023-12-29,0.3400000035762787,0.3400000035762787,0.3199999928474426,0.3400000035762787,34700
2024-01-02,0.32499998807907104,0.32499998807907104,0.3199999928474426,0.32499998807907104,66000
2024-01-03,0.3199999928474426,0.33000001311302185,0.3199999928474426,0.33000001311302185,111800
2024-01-04,0.32499998807907104,0.33000001311302185,0.32499998807907104,0.32499998807907104,129000
2024-01-05,0.33000001311302185,0.33000001311302185,0.33000001311302185,0.33000001311302185,24200
2024-01-08,0.33000001311302185,0.3499999940395355,0.33000001311302185,0.3449999988079071,191400
2024-01-09,0.3499999940395355,0.375,0.3499999940395355,0.375,970600
2024-01-10,0.375,0.375,0.36500000953674316,0.3700000047683716,205000
2024-01-11,0.375,0.375,0.3499999940395355,0.36500000953674316,67200
2024-01-12,0.36500000953674316,0.36500000953674316,0.3449999988079071,0.3449999988079071,880700
2024-01-15,0.3400000035762787,0.35499998927116394,0.3400000035762787,0.35499998927116394,26000
2024-01-16,0.3499999940395355,0.3499999940395355,0.3400000035762787,0.3400000035762787,203100
2024-01-17,0.33000001311302185,0.3400000035762787,0.33000001311302185,0.33500000834465027,155400
2024-01-18,0.33500000834465027,0.3400000035762787,0.3199999928474426,0.3400000035762787,248900
2024-01-19,0.33500000834465027,0.33500000834465027,0.33500000834465027,0.33500000834465027,15000
2024-01-22,0.3050000071525574,0.32499998807907104,0.3050000071525574,0.3149999976158142,108900
2024-01-23,0.3149999976158142,0.3149999976158142,0.3149999976158142,0.3149999976158142,0
2024-01-24,0.3149999976158142,0.33500000834465027,0.3149999976158142,0.33500000834465027,32400
2024-01-26,0.33500000834465027,0.33500000834465027,0.33500000834465027,0.33500000834465027,0
2024-01-29,0.3149999976158142,0.3149999976158142,0.3149999976158142,0.3149999976158142,10000
2024-01-30,0.3199999928474426,0.3199999928474426,0.3199999928474426,0.3199999928474426,900
2024-01-31,0.3400000035762787,0.3400000035762787,0.3400000035762787,0.3400000035762787,500
2024-02-02,0.3400000035762787,0.3400000035762787,0.3400000035762787,0.3400000035762787,0
2024-02-05,0.3149999976158142,0.3149999976158142,0.3149999976158142,0.3149999976158142,11000
2024-02-06,0.3149999976158142,0.3149999976158142,0.3149999976158142,0.3149999976158142,13700
2024-02-07,0.3149999976158142,0.3149999976158142,0.3100000023841858,0.3100000023841858,13400
2024-02-08,0.3149999976158142,0.3149999976158142,0.3149999976158142,0.3149999976158142,1000
2024-02-09,0.3400000035762787,0.3400000035762787,0.3400000035762787,0.3400000035762787,100
2024-02-13,0.3149999976158142,0.33000001311302185,0.3149999976158142,0.3149999976158142,25600
2024-02-14,0.3149999976158142,0.3199999928474426,0.3149999976158142,0.3199999928474426,40000
2024-02-15,0.32499998807907104,0.3400000035762787,0.3199999928474426,0.3400000035762787,130700
2024-02-16,0.3400000035762787,0.3400000035762787,0.3400000035762787,0.3400000035762787,5000
2024-02-19,0.3400000035762787,0.3400000035762787,0.3400000035762787,0.3400000035762787,0
2024-02-20,0.3149999976158142,0.32499998807907104,0.3149999976158142,0.32499998807907104,28000
2024-02-21,0.32499998807907104,0.32499998807907104,0.32499998807907104,0.32499998807907104,0
2024-02-22,0.3149999976158142,0.32499998807907104,0.3149999976158142,0.32499998807907104,9100
2024-02-23,0.32499998807907104,0.33000001311302185,0.32499998807907104,0.33000001311302185,32100
2024-02-26,0.33000001311302185,0.33000001311302185,0.33000001311302185,0.33000001311302185,22000
2024-02-27,0.3199999928474426,0.3199999928474426,0.3199999928474426,0.3199999928474426,18500
2024-02-28,0.3149999976158142,0.3149999976158142,0.3149999976158142,0.3149999976158142,72000
2024-02-29,0.3100000023841858,0.3199999928474426,0.3100000023841858,0.3199999928474426,58900
2024-03-01,0.3199999928474426,0.3199999928474426,0.3199999928474426,0.3199999928474426,10000
2024-03-04,0.3149999976158142,0.3199999928474426,0.3149999976158142,0.3199999928474426,22000
2024-03-05,0.3149999976158142,0.3149999976158142,0.3050000071525574,0.3050000071525574,170000
2024-03-06,0.30000001192092896,0.3100000023841858,0.30000001192092896,0.3100000023841858,2100
2024-03-07,0.3100000023841858,0.3100000023841858,0.3100000023841858,0.3100000023841858,0
2024-03-08,0.3050000071525574,0.33000001311302185,0.3050000071525574,0.33000001311302185,13100
2024-03-11,0.3100000023841858,0.3199999928474426,0.30000001192092896,0.3100000023841858,176400
2024-03-12,0.3050000071525574,0.32499998807907104,0.3050000071525574,0.32499998807907104,17400
2024-03-13,0.3100000023841858,0.3100000023841858,0.3100000023841858,0.3100000023841858,27500
2024-03-14,0.3100000023841858,0.3100000023841858,0.3100000023841858,0.3100000023841858,0
2024-03-15,0.3100000023841858,0.3100000023841858,0.3100000023841858,0.3100000023841858,0
2024-03-18,0.3050000071525574,0.3050000071525574,0.3050000071525574,0.3050000071525574,3500
2024-03-19,0.3050000071525574,0.3050000071525574,0.3050000071525574,0.3050000071525574,55500
2024-03-20,0.3050000071525574,0.3100000023841858,0.3050000071525574,0.3100000023841858,36900
2024-03-21,0.3100000023841858,0.3100000023841858,0.3100000023841858,0.3100000023841858,1000
2024-03-22,0.3050000071525574,0.3199999928474426,0.3050000071525574,0.3149999976158142,30500
2024-03-25,0.3149999976158142,0.3149999976158142,0.3149999976158142,0.3149999976158142,10000
2024-03-26,0.3149999976158142,0.3149999976158142,0.3149999976158142,0.3149999976158142,27400
2024-03-27,0.3149999976158142,0.3149999976158142,0.3050000071525574,0.3050000071525574,77100
2024-03-29,0.3050000071525574,0.3100000023841858,0.3050000071525574,0.3100000023841858,19300
2024-04-01,0.3100000023841858,0.3100000023841858,0.3100000023841858,0.3100000023841858,0
2024-04-02,0.3199999928474426,0.3199999928474426,0.3100000023841858,0.3100000023841858,16000
2024-04-03,0.3199999928474426,0.33000001311302185,0.3199999928474426,0.3199999928474426,167000
2024-04-04,0.32499998807907104,0.32499998807907104,0.32499998807907104,0.32499998807907104,4000
2024-04-05,0.33000001311302185,0.33500000834465027,0.33000001311302185,0.33000001311302185,168000
2024-04-08,0.33000001311302185,0.33000001311302185,0.33000001311302185,0.33000001311302185,0
2024-04-09,0.3199999928474426,0.3199999928474426,0.3199999928474426,0.3199999928474426,47000
2024-04-12,0.3199999928474426,0.33000001311302185,0.3199999928474426,0.33000001311302185,13000
2024-04-15,0.3199999928474426,0.3199999928474426,0.3199999928474426,0.3199999928474426,7100
2024-04-16,0.33000001311302185,0.33000001311302185,0.3199999928474426,0.3199999928474426,45700
2024-04-17,0.32499998807907104,0.32499998807907104,0.3199999928474426,0.3199999928474426,45000
2024-04-18,0.3199999928474426,0.3199999928474426,0.3199999928474426,0.3199999928474426,211900
2024-04-19,0.3199999928474426,0.32499998807907104,0.3199999928474426,0.32499998807907104,35000
2024-04-22,0.32499998807907104,0.32499998807907104,0.32499998807907104,0.32499998807907104,10000
2024-04-23,0.3199999928474426,0.3199999928474426,0.3199999928474426,0.3199999928474426,18700
2024-04-24,0.33000001311302185,0.33500000834465027,0.33000001311302185,0.33000001311302185,73200
2024-04-25,0.33000001311302185,0.33000001311302185,0.33000001311302185,0.33000001311302185,15000
2024-04-26,0.3199999928474426,0.33500000834465027,0.3199999928474426,0.32499998807907104,16000
2024-04-29,0.32499998807907104,0.32499998807907104,0.32499998807907104,0.32499998807907104,0
2024-04-30,0.32499998807907104,0.33000001311302185,0.32499998807907104,0.32499998807907104,30000
2024-05-02,0.32499998807907104,0.32499998807907104,0.32499998807907104,0.32499998807907104,0
2024-05-03,0.33000001311302185,0.33000001311302185,0.3199999928474426,0.3199999928474426,60300
2024-05-06,0.3199999928474426,0.32499998807907104,0.3199999928474426,0.32499998807907104,21000
2024-05-07,0.32499998807907104,0.33000001311302185,0.3199999928474426,0.3199999928474426,20500
2024-05-08,0.32499998807907104,0.33500000834465027,0.3199999928474426,0.32499998807907104,261000
2024-05-09,0.3199999928474426,0.32499998807907104,0.3199999928474426,0.32499998807907104,21200
2024-05-10,0.32499998807907104,0.32499998807907104,0.32499998807907104,0.32499998807907104,1000
2024-05-13,0.32499998807907104,0.33000001311302185,0.32499998807907104,0.33000001311302185,52000
2024-05-14,0.32499998807907104,0.32499998807907104,0.32499998807907104,0.32499998807907104,32600
2024-05-15,0.32499998807907104,0.32499998807907104,0.32499998807907104,0.32499998807907104,47000
2024-05-16,0.32499998807907104,0.32499998807907104,0.32499998807907104,0.32499998807907104,300000
2024-05-17,0.33000001311302185,0.33000001311302185,0.32499998807907104,0.33000001311302185,116000
2024-05-20,0.33500000834465027,0.36500000953674316,0.33500000834465027,0.3499999940395355,439300
2024-05-21,0.3449999988079071,0.3449999988079071,0.3400000035762787,0.3400000035762787,17500
2024-05-23,0.3400000035762787,0.3449999988079071,0.33500000834465027,0.33500000834465027,627800
2024-05-24,0.3400000035762787,0.3449999988079071,0.3400000035762787,0.3400000035762787,62000
2024-05-27,0.3400000035762787,0.36000001430511475,0.3400000035762787,0.35499998927116394,975800
2024-05-28,0.3449999988079071,0.3499999940395355,0.33500000834465027,0.33500000834465027,293700
2024-05-29,0.33000001311302185,0.33500000834465027,0.32499998807907104,0.32499998807907104,290500
2024-05-30,0.32499998807907104,0.32499998807907104,0.3199999928474426,0.32499998807907104,90500
2024-05-31,0.32499998807907104,0.32499998807907104,0.32499998807907104,0.32499998807907104,57000
2024-06-04,0.3199999928474426,0.3199999928474426,0.3199999928474426,0.3199999928474426,14600
2024-06-05,0.3199999928474426,0.32499998807907104,0.3199999928474426,0.32499998807907104,120000
2024-06-06,0.32499998807907104,0.33000001311302185,0.32499998807907104,0.33000001311302185,21000
2024-06-07,0.33500000834465027,0.3400000035762787,0.33000001311302185,0.3400000035762787,186200
2024-06-10,0.33000001311302185,0.33000001311302185,0.32499998807907104,0.32499998807907104,30000
2024-06-11,0.33000001311302185,0.33000001311302185,0.32499998807907104,0.33000001311302185,38500
2024-06-12,0.33000001311302185,0.33000001311302185,0.33000001311302185,0.33000001311302185,31600
2024-06-13,0.32499998807907104,0.32499998807907104,0.32499998807907104,0.32499998807907104,130300
2024-06-14,0.32499998807907104,0.33500000834465027,0.32499998807907104,0.33000001311302185,25000
2024-06-18,0.33000001311302185,0.33000001311302185,0.32499998807907104,0.33000001311302185,78000
2024-06-19,0.33000001311302185,0.33000001311302185,0.33000001311302185,0.33000001311302185,20000
2024-06-20,0.33000001311302185,0.33500000834465027,0.32499998807907104,0.33500000834465027,40400
2024-06-21,0.32499998807907104,0.32499998807907104,0.3199999928474426,0.3199999928474426,74000
2024-06-24,0.3199999928474426,0.3199999928474426,0.3199999928474426,0.3199999928474426,35000
2024-06-25,0.32499998807907104,0.32499998807907104,0.32499998807907104,0.32499998807907104,10000
2024-06-26,0.32499998807907104,0.32499998807907104,0.32499998807907104,0.32499998807907104,0
2024-06-27,0.33500000834465027,0.33500000834465027,0.33500000834465027,0.33500000834465027,200
2024-06-28,0.33500000834465027,0.33500000834465027,0.33500000834465027,0.33500000834465027,0
2024-07-01,0.3199999928474426,0.3199999928474426,0.3199999928474426,0.3199999928474426,10400
2024-07-02,0.33500000834465027,0.33500000834465027,0.3199999928474426,0.3199999928474426,30100
2024-07-03,0.3199999928474426,0.33500000834465027,0.3149999976158142,0.33500000834465027,45000
2024-07-04,0.3199999928474426,0.3199999928474426,0.3199999928474426,0.3199999928474426,2000
2024-07-05,0.33000001311302185,0.33000001311302185,0.33000001311302185,0.33000001311302185,100
2024-07-09,0.32499998807907104,0.33000001311302185,0.32499998807907104,0.33000001311302185,16000
2024-07-10,0.3199999928474426,0.3199999928474426,0.3149999976158142,0.3149999976158142,162300
2024-07-11,0.33500000834465027,0.33500000834465027,0.33500000834465027,0.33500000834465027,100
2024-07-12,0.3149999976158142,0.3400000035762787,0.3100000023841858,0.3400000035762787,127400
2024-07-15,0.3400000035762787,0.35499998927116394,0.33500000834465027,0.33500000834465027,170100
2024-07-16,0.3149999976158142,0.33500000834465027,0.3100000023841858,0.33500000834465027,50200
2024-07-17,0.33500000834465027,0.33500000834465027,0.33500000834465027,0.33500000834465027,0
2024-07-18,0.33000001311302185,0.3499999940395355,0.33000001311302185,0.3449999988079071,21700
2024-07-19,0.32499998807907104,0.33500000834465027,0.32499998807907104,0.33500000834465027,20100
2024-07-22,0.32499998807907104,0.32499998807907104,0.32499998807907104,0.32499998807907104,158400
2024-07-23,0.32499998807907104,0.32499998807907104,0.32499998807907104,0.32499998807907104,25400
2024-07-24,0.32499998807907104,0.32499998807907104,0.32499998807907104,0.32499998807907104,0
2024-07-25,0.3199999928474426,0.3199999928474426,0.3050000071525574,0.3199999928474426,109900
2024-07-26,0.3199999928474426,0.3199999928474426,0.3199999928474426,0.3199999928474426,4000
2024-07-29,0.3199999928474426,0.3199999928474426,0.3199999928474426,0.3199999928474426,45000
2024-07-30,0.3050000071525574,0.3050000071525574,0.3050000071525574,0.3050000071525574,6700
2024-07-31,0.3149999976158142,0.3149999976158142,0.3149999976158142,0.3149999976158142,200
2024-08-01,0.3149999976158142,0.3149999976158142,0.3149999976158142,0.3149999976158142,0
2024-08-02,0.30000001192092896,0.3149999976158142,0.29499998688697815,0.3149999976158142,12000
2024-08-05,0.28999999165534973,0.28999999165534973,0.27000001072883606,0.28999999165534973,115300
2024-08-06,0.2849999964237213,0.2849999964237213,0.2849999964237213,0.2849999964237213,31800
2024-08-07,0.3199999928474426,0.3199999928474426,0.3199999928474426,0.3199999928474426,100
2024-08-08,0.3199999928474426,0.3199999928474426,0.3199999928474426,0.3199999928474426,0
2024-08-09,0.3199999928474426,0.3199999928474426,0.3199999928474426,0.3199999928474426,0
2024-08-12,0.3199999928474426,0.3199999928474426,0.3199999928474426,0.3199999928474426,0
2024-08-13,0.3199999928474426,0.3199999928474426,0.3199999928474426,0.3199999928474426,0
2024-08-14,0.3199999928474426,0.3199999928474426,0.3199999928474426,0.3199999928474426,0
2024-08-15,0.28999999165534973,0.28999999165534973,0.28999999165534973,0.28999999165534973,20000
2024-08-16,0.2849999964237213,0.3050000071525574,0.2849999964237213,0.3050000071525574,4300
2024-08-19,0.3050000071525574,0.3050000071525574,0.3050000071525574,0.3050000071525574,0
2024-08-20,0.3050000071525574,0.3050000071525574,0.3050000071525574,0.3050000071525574,0
2024-08-21,0.2849999964237213,0.30000001192092896,0.2849999964237213,0.30000001192092896,20900
2024-08-22,0.2849999964237213,0.2849999964237213,0.2800000011920929,0.2800000011920929,8800
2024-08-23,0.28999999165534973,0.30000001192092896,0.28999999165534973,0.30000001192092896,10000
2024-08-26,0.2849999964237213,0.3199999928474426,0.2849999964237213,0.3199999928474426,9000
2024-08-27,0.30000001192092896,0.30000001192092896,0.2849999964237213,0.2849999964237213,13000
2024-08-28,0.2849999964237213,0.2849999964237213,0.2849999964237213,0.2849999964237213,7500
2024-08-29,0.2849999964237213,0.2849999964237213,0.2849999964237213,0.2849999964237213,0
2024-08-30,0.2849999964237213,0.2849999964237213,0.2849999964237213,0.2849999964237213,20000
2024-09-02,0.2849999964237213,0.2849999964237213,0.2849999964237213,0.2849999964237213,46700
2024-09-03,0.30000001192092896,0.30000001192092896,0.2849999964237213,0.30000001192092896,188200
2024-09-04,0.30000001192092896,0.30000001192092896,0.30000001192092896,0.30000001192092896,0
2024-09-05,0.2849999964237213,0.2849999964237213,0.2849999964237213,0.2849999964237213,10000
2024-09-06,0.2849999964237213,0.2849999964237213,0.2849999964237213,0.2849999964237213,8400
2024-09-09,0.2849999964237213,0.2849999964237213,0.2849999964237213,0.2849999964237213,112100
2024-09-10,0.2849999964237213,0.2849999964237213,0.2849999964237213,0.2849999964237213,2000
2024-09-11,0.2800000011920929,0.2800000011920929,0.2800000011920929,0.2800000011920929,28000
2024-09-12,0.2800000011920929,0.2800000011920929,0.2800000011920929,0.2800000011920929,0
2024-09-13,0.2800000011920929,0.2800000011920929,0.2800000011920929,0.2800000011920929,0
2024-09-17,0.2800000011920929,0.2800000011920929,0.2800000011920929,0.2800000011920929,10000
2024-09-18,0.2800000011920929,0.3050000071525574,0.2800000011920929,0.3050000071525574,20100
2024-09-19,0.3050000071525574,0.3050000071525574,0.3050000071525574,0.3050000071525574,0
2024-09-20,0.3050000071525574,0.3050000071525574,0.3050000071525574,0.3050000071525574,0
2024-09-23,0.3050000071525574,0.3050000071525574,0.3050000071525574,0.3050000071525574,0
2024-09-24,0.3050000071525574,0.3050000071525574,0.3050000071525574,0.3050000071525574,0
2024-09-25,0.2800000011920929,0.2800000011920929,0.2800000011920929,0.2800000011920929,2000
2024-09-26,0.3050000071525574,0.3050000071525574,0.2800000011920929,0.2800000011920929,300
2024-09-27,0.2800000011920929,0.2800000011920929,0.2800000011920929,0.2800000011920929,0
2024-09-30,0.3050000071525574,0.3050000071525574,0.2800000011920929,0.2800000011920929,600
2024-10-01,0.2800000011920929,0.2800000011920929,0.2800000011920929,0.2800000011920929,88000
2024-10-02,0.2800000011920929,0.2800000011920929,0.2800000011920929,0.2800000011920929,2000
2024-10-03,0.2800000011920929,0.2800000011920929,0.2800000011920929,0.2800000011920929,0
2024-10-04,0.3149999976158142,0.3149999976158142,0.3149999976158142,0.3149999976158142,200
2024-10-07,0.28999999165534973,0.3149999976158142,0.28999999165534973,0.3149999976158142,40300
2024-10-08,0.3149999976158142,0.3149999976158142,0.3149999976158142,0.3149999976158142,0
2024-10-09,0.2849999964237213,0.2849999964237213,0.2849999964237213,0.2849999964237213,12800
2024-10-10,0.2849999964237213,0.2849999964237213,0.2849999964237213,0.2849999964237213,73000
2024-10-11,0.2849999964237213,0.2849999964237213,0.2849999964237213,0.2849999964237213,10000
2024-10-14,0.2849999964237213,0.2849999964237213,0.2849999964237213,0.2849999964237213,7200
2024-10-15,0.2849999964237213,0.2849999964237213,0.2849999964237213,0.2849999964237213,0
2024-10-16,0.2849999964237213,0.2849999964237213,0.2849999964237213,0.2849999964237213,25300
2024-10-17,0.2849999964237213,0.2849999964237213,0.2849999964237213,0.2849999964237213,0
2024-10-18,0.2849999964237213,0.2849999964237213,0.2849999964237213,0.2849999964237213,0
2024-10-21,0.2800000011920929,0.2800000011920929,0.2800000011920929,0.2800000011920929,18000
2024-10-22,0.2800000011920929,0.2800000011920929,0.2800000011920929,0.2800000011920929,0
2024-10-23,0.2849999964237213,0.2849999964237213,0.2800000011920929,0.2800000011920929,15000
2024-10-24,0.2849999964237213,0.2849999964237213,0.2849999964237213,0.2849999964237213,2000
2024-10-25,0.2849999964237213,0.2849999964237213,0.2849999964237213,0.2849999964237213,0
2024-10-28,0.2849999964237213,0.2849999964237213,0.2849999964237213,0.2849999964237213,0
2024-10-29,0.2800000011920929,0.2800000011920929,0.2800000011920929,0.2800000011920929,20000
2024-10-30,0.2800000011920929,0.2800000011920929,0.2800000011920929,0.2800000011920929,22000
2024-11-01,0.27000001072883606,0.27000001072883606,0.27000001072883606,0.27000001072883606,36900
2024-11-04,0.27000001072883606,0.2800000011920929,0.27000001072883606,0.2750000059604645,35000
2024-11-05,0.2750000059604645,0.2750000059604645,0.2750000059604645,0.2750000059604645,0
2024-11-06,0.2750000059604645,0.2750000059604645,0.2750000059604645,0.2750000059604645,4000
2024-11-07,0.2750000059604645,0.2800000011920929,0.2750000059604645,0.2800000011920929,20500
2024-11-08,0.2800000011920929,0.2800000011920929,0.2800000011920929,0.2800000011920929,0
2024-11-11,0.27000001072883606,0.27000001072883606,0.27000001072883606,0.27000001072883606,12200
2024-11-12,0.27000001072883606,0.27000001072883606,0.27000001072883606,0.27000001072883606,0
2024-11-13,0.28999999165534973,0.3100000023841858,0.28999999165534973,0.3050000071525574,26500
2024-11-14,0.3050000071525574,0.3050000071525574,0.3050000071525574,0.3050000071525574,0
2024-11-15,0.3050000071525574,0.3050000071525574,0.3050000071525574,0.3050000071525574,0
2024-11-18,0.26499998569488525,0.27000001072883606,0.26499998569488525,0.27000001072883606,40000
2024-11-19,0.27000001072883606,0.27000001072883606,0.25999999046325684,0.25999999046325684,41000
2024-11-20,0.25999999046325684,0.25999999046325684,0.25999999046325684,0.25999999046325684,0
2024-11-21,0.25999999046325684,0.25999999046325684,0.25999999046325684,0.25999999046325684,0
2024-11-22,0.25999999046325684,0.25999999046325684,0.25999999046325684,0.25999999046325684,0
2024-11-25,0.25999999046325684,0.25999999046325684,0.25999999046325684,0.25999999046325684,0
2024-11-26,0.25999999046325684,0.28999999165534973,0.23999999463558197,0.28999999165534973,90800
2024-11-27,0.28999999165534973,0.28999999165534973,0.28999999165534973,0.28999999165534973,0
2024-11-28,0.28999999165534973,0.28999999165534973,0.28999999165534973,0.28999999165534973,0
2024-11-29,0.2549999952316284,0.2549999952316284,0.2549999952316284,0.2549999952316284,2000
2024-12-02,0.30000001192092896,0.30000001192092896,0.30000001192092896,0.30000001192092896,500
2024-12-03,0.30000001192092896,0.30000001192092896,0.30000001192092896,0.30000001192092896,0
2024-12-04,0.2549999952316284,0.30000001192092896,0.2549999952316284,0.30000001192092896,300
2024-12-05,0.25999999046325684,0.26499998569488525,0.25999999046325684,0.26499998569488525,61900
2024-12-06,0.2849999964237213,0.2849999964237213,0.2849999964237213,0.2849999964237213,200
2024-12-09,0.25,0.27000001072883606,0.24500000476837158,0.27000001072883606,50000
2024-12-10,0.25,0.26499998569488525,0.25,0.2549999952316284,98200
2024-12-11,0.25999999046325684,0.30000001192092896,0.25999999046325684,0.29499998688697815,40000
2024-12-12,0.29499998688697815,0.29499998688697815,0.29499998688697815,0.29499998688697815,0
2024-12-13,0.2549999952316284,0.2549999952316284,0.2549999952316284,0.2549999952316284,2000
2024-12-16,0.28999999165534973,0.28999999165534973,0.2549999952316284,0.28999999165534973,1300
2024-12-17,0.28999999165534973,0.28999999165534973,0.28999999165534973,0.28999999165534973,100
2024-12-18,0.28999999165534973,0.28999999165534973,0.28999999165534973,0.28999999165534973,0
2024-12-19,0.28999999165534973,0.28999999165534973,0.28999999165534973,0.28999999165534973,0
2024-12-20,0.28999999165534973,0.28999999165534973,0.28999999165534973,0.28999999165534973,0
2024-12-23,0.25,0.2549999952316284,0.25,0.2549999952316284,249100
2024-12-24,0.2549999952316284,0.2549999952316284,0.25,0.25,45900
2024-12-26,0.25,0.25,0.25,0.25,71900
2024-12-27,0.25,0.25,0.25,0.25,0
2024-12-30,0.2549999952316284,0.2549999952316284,0.2549999952316284,0.2549999952316284,23900
2024-12-31,0.25999999046325684,0.25999999046325684,0.2549999952316284,0.2549999952316284,16300
2025-01-02,0.25999999046325684,0.26499998569488525,0.25999999046325684,0.26499998569488525,9000
2025-01-03,0.26499998569488525,0.26499998569488525,0.26499998569488525,0.26499998569488525,0
2025-01-06,0.26499998569488525,0.26499998569488525,0.26499998569488525,0.26499998569488525,0
2025-01-07,0.25,0.25,0.25,0.25,24000
2025-01-08,0.25,0.25,0.25,0.25,0
2025-01-09,0.2549999952316284,0.2549999952316284,0.2549999952316284,0.2549999952316284,1800
2025-01-10,0.2549999952316284,0.2549999952316284,0.2549999952316284,0.2549999952316284,0
2025-01-13,0.26499998569488525,0.26499998569488525,0.26499998569488525,0.26499998569488525,200
2025-01-14,0.2549999952316284,0.2549999952316284,0.25,0.25,131600
2025-01-15,0.25,0.25,0.25,0.25,109000
2025-01-16,0.25,0.25,0.24500000476837158,0.24500000476837158,12800
2025-01-17,0.24500000476837158,0.24500000476837158,0.24500000476837158,0.24500000476837158,2000
2025-01-20,0.25,0.25,0.25,0.25,20000
2025-01-21,0.25,0.25,0.25,0.25,0
2025-01-22,0.24500000476837158,0.24500000476837158,0.24500000476837158,0.24500000476837158,2000
2025-01-23,0.26499998569488525,0.27000001072883606,0.26499998569488525,0.27000001072883606,6100
2025-01-24,0.28999999165534973,0.28999999165534973,0.28999999165534973,0.28999999165534973,100
2025-01-27,0.28999999165534973,0.28999999165534973,0.28999999165534973,0.28999999165534973,0
2025-01-28,0.28999999165534973,0.28999999165534973,0.28999999165534973,0.28999999165534973,0
2025-01-31,0.28999999165534973,0.28999999165534973,0.28999999165534973,0.28999999165534973,0
2025-02-03,0.28999999165534973,0.28999999165534973,0.28999999165534973,0.28999999165534973,0
2025-02-04,0.28999999165534973,0.28999999165534973,0.28999999165534973,0.28999999165534973,0
2025-02-05,0.28999999165534973,0.28999999165534973,0.28999999165534973,0.28999999165534973,0
2025-02-06,0.28999999165534973,0.28999999165534973,0.28999999165534973,0.28999999165534973,0
2025-02-07,0.28999999165534973,0.28999999165534973,0.28999999165534973,0.28999999165534973,0
2025-02-10,0.25,0.25,0.25,0.25,37800
2025-02-12,0.25,0.25,0.24500000476837158,0.24500000476837158,4000
2025-02-13,0.24500000476837158,0.24500000476837158,0.24500000476837158,0.24500000476837158,0
2025-02-14,0.2199999988079071,0.2199999988079071,0.2199999988079071,0.2199999988079071,2000
2025-02-17,0.23000000417232513,0.2800000011920929,0.23000000417232513,0.2800000011920929,39100
2025-02-18,0.2800000011920929,0.2800000011920929,0.2800000011920929,0.2800000011920929,0
2025-02-19,0.23499999940395355,0.23499999940395355,0.23499999940395355,0.23499999940395355,5300
2025-02-20,0.23499999940395355,0.2800000011920929,0.23499999940395355,0.2800000011920929,500
2025-02-21,0.2800000011920929,0.2800000011920929,0.2800000011920929,0.2800000011920929,0
2025-02-24,0.2800000011920929,0.2800000011920929,0.2800000011920929,0.2800000011920929,0
2025-02-25,0.2800000011920929,0.2800000011920929,0.2800000011920929,0.2800000011920929,0
2025-02-26,0.23499999940395355,0.2800000011920929,0.23499999940395355,0.2800000011920929,2100
2025-02-27,0.23499999940395355,0.23499999940395355,0.23499999940395355,0.23499999940395355,12000
2025-02-28,0.23499999940395355,0.23499999940395355,0.23499999940395355,0.23499999940395355,9900
2025-03-03,0.23499999940395355,0.23499999940395355,0.22499999403953552,0.22499999403953552,72800
2025-03-04,0.22499999403953552,0.22499999403953552,0.2199999988079071,0.2199999988079071,145400
2025-03-05,0.2150000035762787,0.2150000035762787,0.2150000035762787,0.2150000035762787,10000
2025-03-06,0.2150000035762787,0.2150000035762787,0.2150000035762787,0.2150000035762787,0
2025-03-07,0.2150000035762787,0.2150000035762787,0.2150000035762787,0.2150000035762787,0
2025-03-10,0.2150000035762787,0.2150000035762787,0.2150000035762787,0.2150000035762787,0
2025-03-11,0.2849999964237213,0.2849999964237213,0.20000000298023224,0.2800000011920929,900
2025-03-12,0.20000000298023224,0.2800000011920929,0.20000000298023224,0.2800000011920929,1100
2025-03-13,0.2800000011920929,0.2800000011920929,0.2800000011920929,0.2800000011920929,0
2025-03-14,0.20000000298023224,0.20000000298023224,0.20000000298023224,0.20000000298023224,15000
2025-03-17,0.2849999964237213,0.2849999964237213,0.2849999964237213,0.2849999964237213,100
2025-03-19,0.2849999964237213,0.2849999964237213,0.2849999964237213,0.2849999964237213,0
2025-03-20,0.2849999964237213,0.2849999964237213,0.2849999964237213,0.2849999964237213,0
2025-03-21,0.2849999964237213,0.2849999964237213,0.2849999964237213,0.2849999964237213,0
2025-03-24,0.23999999463558197,0.2849999964237213,0.23999999463558197,0.2849999964237213,10200
2025-03-25,0.2800000011920929,0.2800000011920929,0.27000001072883606,0.27000001072883606,5000
2025-03-26,0.27000001072883606,0.27000001072883606,0.27000001072883606,0.27000001072883606,0
2025-03-27,0.27000001072883606,0.27000001072883606,0.27000001072883606,0.27000001072883606,0
2025-03-28,0.27000001072883606,0.27000001072883606,0.27000001072883606,0.27000001072883606,0
2025-04-02,0.27000001072883606,0.27000001072883606,0.27000001072883606,0.27000001072883606,0
2025-04-03,0.23999999463558197,0.23999999463558197,0.20999999344348907,0.20999999344348907,38900
2025-04-04,0.25999999046325684,0.25999999046325684,0.25999999046325684,0.25999999046325684,300
2025-04-07,0.20999999344348907,0.2800000011920929,0.20999999344348907,0.2800000011920929,24800
2025-04-08,0.2800000011920929,0.2800000011920929,0.2800000011920929,0.2800000011920929,0
2025-04-09,0.20999999344348907,0.27000001072883606,0.20999999344348907,0.27000001072883606,50100
2025-04-10,0.20000000298023224,0.25,0.20000000298023224,0.25,34200
2025-04-11,0.23499999940395355,0.23499999940395355,0.23499999940395355,0.23499999940395355,28200
2025-04-14,0.2199999988079071,0.23999999463558197,0.2199999988079071,0.23999999463558197,20100
2025-04-15,0.20000000298023224,0.23000000417232513,0.20000000298023224,0.2150000035762787,30900
2025-04-16,0.23999999463558197,0.23999999463558197,0.20999999344348907,0.20999999344348907,15000
2025-04-17,0.20499999821186066,0.20999999344348907,0.20499999821186066,0.20999999344348907,17000
2025-04-18,0.20499999821186066,0.20499999821186066,0.20499999821186066,0.20499999821186066,15000
2025-04-21,0.20499999821186066,0.20499999821186066,0.20499999821186066,0.20499999821186066,0
2025-04-22,0.23499999940395355,0.23499999940395355,0.20000000298023224,0.23499999940395355,16300
2025-04-23,0.23499999940395355,0.23499999940395355,0.23499999940395355,0.23499999940395355,0
2025-04-24,0.19499999284744263,0.23499999940395355,0.19499999284744263,0.23499999940395355,25000
2025-04-25,0.23499999940395355,0.23499999940395355,0.23499999940395355,0.23499999940395355,0
2025-04-28,0.23499999940395355,0.23499999940395355,0.23499999940395355,0.23499999940395355,0
2025-04-29,0.23499999940395355,0.23499999940395355,0.23499999940395355,0.23499999940395355,0
2025-04-30,0.23499999940395355,0.23499999940395355,0.23499999940395355,0.23499999940395355,0
2025-05-02,0.20000000298023224,0.23499999940395355,0.20000000298023224,0.23499999940395355,2900
2025-05-05,0.20000000298023224,0.20000000298023224,0.20000000298023224,0.20000000298023224,1000
2025-05-06,0.20499999821186066,0.23499999940395355,0.20499999821186066,0.23000000417232513,18300
2025-05-07,0.23000000417232513,0.23000000417232513,0.23000000417232513,0.23000000417232513,0
2025-05-08,0.23000000417232513,0.23000000417232513,0.23000000417232513,0.23000000417232513,0
2025-05-09,0.23000000417232513,0.23000000417232513,0.23000000417232513,0.23000000417232513,0
2025-05-13,0.23000000417232513,0.23000000417232513,0.23000000417232513,0.23000000417232513,0
2025-05-14,0.23000000417232513,0.23000000417232513,0.23000000417232513,0.23000000417232513,0
2025-05-15,0.23000000417232513,0.23000000417232513,0.23000000417232513,0.23000000417232513,0
2025-05-16,0.20999999344348907,0.20999999344348907,0.20499999821186066,0.20499999821186066,6500
2025-05-19,0.20499999821186066,0.23000000417232513,0.20499999821186066,0.23000000417232513,2000
2025-05-20,0.23000000417232513,0.23000000417232513,0.23000000417232513,0.23000000417232513,0
2025-05-21,0.20499999821186066,0.20499999821186066,0.20499999821186066,0.20499999821186066,1500
2025-05-22,0.20499999821186066,0.20499999821186066,0.20499999821186066,0.20499999821186066,2200
2025-05-23,0.20999999344348907,0.27000001072883606,0.20999999344348907,0.27000001072883606,6600
2025-05-26,0.27000001072883606,0.27000001072883606,0.27000001072883606,0.27000001072883606,0
2025-05-27,0.27000001072883606,0.27000001072883606,0.27000001072883606,0.27000001072883606,0
2025-05-28,0.20999999344348907,0.2150000035762787,0.20999999344348907,0.2150000035762787,1100
2025-05-29,0.2150000035762787,0.2150000035762787,0.2150000035762787,0.2150000035762787,23500
2025-05-30,0.2150000035762787,0.2150000035762787,0.2150000035762787,0.2150000035762787,0
2025-06-03,0.20999999344348907,0.23000000417232513,0.20999999344348907,0.23000000417232513,6600
2025-06-04,0.20999999344348907,0.23499999940395355,0.20999999344348907,0.23499999940395355,25800
2025-06-05,0.23499999940395355,0.23499999940395355,0.23499999940395355,0.23499999940395355,0
2025-06-06,0.25,0.25,0.20499999821186066,0.24500000476837158,1400
2025-06-09,0.24500000476837158,0.24500000476837158,0.24500000476837158,0.24500000476837158,0
2025-06-10,0.24500000476837158,0.24500000476837158,0.24500000476837158,0.24500000476837158,0
2025-06-11,0.24500000476837158,0.24500000476837158,0.24500000476837158,0.24500000476837158,0
2025-06-12,0.20499999821186066,0.2549999952316284,0.20499999821186066,0.2549999952316284,28200
2025-06-13,0.2549999952316284,0.2549999952316284,0.2549999952316284,0.2549999952316284,0
2025-06-16,0.2150000035762787,0.23999999463558197,0.2150000035762787,0.23999999463558197,15900
2025-06-17,0.23999999463558197,0.23999999463558197,0.23999999463558197,0.23999999463558197,0
2025-06-18,0.23999999463558197,0.23999999463558197,0.23999999463558197,0.23999999463558197,0
2025-06-19,0.23999999463558197,0.23999999463558197,0.23999999463558197,0.23999999463558197,0
2025-06-20,0.23999999463558197,0.23999999463558197,0.23999999463558197,0.23999999463558197,0
2025-06-23,0.23999999463558197,0.23999999463558197,0.23999999463558197,0.23999999463558197,0
2025-06-24,0.20000000298023224,0.23000000417232513,0.20000000298023224,0.23000000417232513,24100
2025-06-25,0.23000000417232513,0.23000000417232513,0.23000000417232513,0.23000000417232513,0
2025-06-26,0.20499999821186066,0.20499999821186066,0.20499999821186066,0.20499999821186066,6000
2025-06-30,0.23000000417232513,0.23000000417232513,0.20000000298023224,0.2199999988079071,40400
2025-07-01,0.2150000035762787,0.22499999403953552,0.2150000035762787,0.22499999403953552,13600
2025-07-02,0.22499999403953552,0.22499999403953552,0.22499999403953552,0.22499999403953552,0
2025-07-03,0.20999999344348907,0.23000000417232513,0.20000000298023224,0.23000000417232513,27900
2025-07-04,0.23000000417232513,0.23000000417232513,0.23000000417232513,0.23000000417232513,0
2025-07-07,0.23000000417232513,0.23000000417232513,0.23000000417232513,0.23000000417232513,0
2025-07-08,0.20000000298023224,0.20000000298023224,0.20000000298023224,0.20000000298023224,6200
2025-07-09,0.20999999344348907,0.20999999344348907,0.20999999344348907,0.20999999344348907,100000
2025-07-10,0.2199999988079071,0.2199999988079071,0.20499999821186066,0.20499999821186066,8600
2025-07-11,0.2199999988079071,0.2199999988079071,0.2199999988079071,0.2199999988079071,300
2025-07-14,0.20499999821186066,0.2150000035762787,0.20000000298023224,0.20000000298023224,6500
2025-07-15,0.23000000417232513,0.23000000417232513,0.20000000298023224,0.23000000417232513,5100
2025-07-16,0.23000000417232513,0.23000000417232513,0.23000000417232513,0.23000000417232513,0
2025-07-17,0.23000000417232513,0.23000000417232513,0.23000000417232513,0.23000000417232513,0
2025-07-18,0.23000000417232513,0.23000000417232513,0.23000000417232513,0.23000000417232513,0
2025-07-21,0.20000000298023224,0.20000000298023224,0.20000000298023224,0.20000000298023224,29000
2025-07-22,0.20000000298023224,0.20000000298023224,0.20000000298023224,0.20000000298023224,8000
2025-07-23,0.20000000298023224,0.20000000298023224,0.20000000298023224,0.20000000298023224,43000
2025-07-24,0.20000000298023224,0.20000000298023224,0.20000000298023224,0.20000000298023224,0
2025-07-25,0.20000000298023224,0.20000000298023224,0.20000000298023224,0.20000000298023224,0
2025-07-28,0.20000000298023224,0.20000000298023224,0.20000000298023224,0.20000000298023224,0
2025-07-29,0.1899999976158142,0.1899999976158142,0.1899999976158142,0.1899999976158142,2900
2025-07-30,0.1899999976158142,0.20999999344348907,0.1899999976158142,0.20999999344348907,2100
2025-07-31,0.20999999344348907,0.20999999344348907,0.20999999344348907,0.20999999344348907,0
